fixture_id,control,kind,left_repeat,right_repeat,waveform_rmse,spectral_distance,envelope_mae
bass_00940b8f3955,baseline,unchanged,0,1,0.03917845051077829,0.3371539231810383,0.003371417140629814
bass_00940b8f3955,baseline,unchanged,0,2,0.34639415876323776,0.3964817535362583,0.003016497975801961
bass_00940b8f3955,baseline,unchanged,1,2,0.3494205137941057,0.36998482038898056,0.0016133184821586419
bass_00940b8f3955,osc_1_level,changed,0,0,0.23311082483858814,2.448522472682411,0.005552649374689398
bass_00940b8f3955,osc_1_level,changed,0,1,0.03549147865178617,2.3993659541257997,0.004046142422546563
bass_00940b8f3955,filter_1_cutoff,changed,0,0,0.3707502579425562,0.3845645497423836,0.0013798964593228888
bass_00940b8f3955,filter_1_cutoff,changed,0,1,0.3702273254246477,0.37782403449011265,0.000874673228593782
pad_0066d9cb520f,baseline,unchanged,0,1,0.0,0.0,0.0
pad_0066d9cb520f,baseline,unchanged,0,2,0.0,0.0,0.0
pad_0066d9cb520f,baseline,unchanged,1,2,0.0,0.0,0.0
pad_0066d9cb520f,osc_1_level,changed,0,0,0.0018324925712945386,0.030186942630835673,0.0009939059125769255
pad_0066d9cb520f,osc_1_level,changed,0,1,0.0018324925712945386,0.030186942630835673,0.0009939059125769255
pad_02232e7861b3,baseline,unchanged,0,1,0.04301996688645818,1.1011281512741498,0.007344282867727745
pad_02232e7861b3,baseline,unchanged,0,2,0.04737162629603375,1.1221063253826289,0.008414739789424405
pad_02232e7861b3,baseline,unchanged,1,2,0.042522834146159545,1.1611453091459085,0.0069195336782188295
pad_02232e7861b3,osc_1_level,changed,0,0,0.039635489111935734,1.1204089065946636,0.006775021366481521
pad_02232e7861b3,osc_1_level,changed,0,1,0.047838218048535205,1.0087828539981305,0.004931038823889436
pad_02232e7861b3,filter_1_cutoff,changed,0,0,0.0391518240882813,1.0087573327552655,0.004240798843415661
pad_02232e7861b3,filter_1_cutoff,changed,0,1,0.03721644279216256,1.273388516815263,0.008647554160022176
pluck_039d741b9a82,baseline,unchanged,0,1,0.031521411945012,0.5835272176804919,0.0007861515852679634
pluck_039d741b9a82,baseline,unchanged,0,2,0.033688721691510104,0.5740882270148165,0.0007273938930392215
pluck_039d741b9a82,baseline,unchanged,1,2,0.031720078366381264,0.5533241813884047,0.0006793274753410022
pluck_039d741b9a82,osc_1_level,changed,0,0,0.019559436187240677,0.43525593596866746,0.0006893690936809904
pluck_039d741b9a82,osc_1_level,changed,0,1,0.029244779839615792,0.47374325615548735,0.0006157303214073469
pluck_039d741b9a82,filter_1_cutoff,changed,0,0,0.03057496953388693,0.5948046568472899,0.0006959023748039398
pluck_039d741b9a82,filter_1_cutoff,changed,0,1,0.03142123710326366,0.4994741109028154,0.0005509834448241796
lead_00d6e56919f9,baseline,unchanged,0,1,0.17024949270860107,1.449206017124564,0.009181457180622972
lead_00d6e56919f9,baseline,unchanged,0,2,0.1655789637639879,1.061532144175767,0.006577749049006965
lead_00d6e56919f9,baseline,unchanged,1,2,0.17431079207243252,1.3728180705165365,0.009043314805683121
lead_00d6e56919f9,osc_1_level,changed,0,0,0.17069635005788958,1.4498392241784117,0.008807497442068208
lead_00d6e56919f9,osc_1_level,changed,0,1,0.168356490855333,1.5377691132665692,0.010236276710737421
lead_00d6e56919f9,filter_1_cutoff,changed,0,0,0.17080502428302333,1.642553195260234,0.010606599417469432
lead_00d6e56919f9,filter_1_cutoff,changed,0,1,0.1682604790382539,1.6584067673261742,0.015017741626103209
