fixture_id,category,control,metric,unchanged_min,unchanged_max,changed_min,changed_max,numerical_tolerance,interpretation
bass_00940b8f3955,Bass,osc_1_level,waveform_rmse,0.03917845051077829,0.3494205137941057,0.03549147865178617,0.23311082483858814,3.495205137941057e-07,overlap_inconclusive
bass_00940b8f3955,Bass,osc_1_level,spectral_distance,0.3371539231810383,0.3964817535362583,2.3993659541257997,2.448522472682411,2.4486224726824108e-06,observed_separation
bass_00940b8f3955,Bass,osc_1_level,envelope_mae,0.0016133184821586419,0.003371417140629814,0.004046142422546563,0.005552649374689398,5.652649374689398e-09,observed_separation
bass_00940b8f3955,Bass,filter_1_cutoff,waveform_rmse,0.03917845051077829,0.3494205137941057,0.3702273254246477,0.3707502579425562,3.7085025794255624e-07,observed_separation
bass_00940b8f3955,Bass,filter_1_cutoff,spectral_distance,0.3371539231810383,0.3964817535362583,0.37782403449011265,0.3845645497423836,3.965817535362583e-07,overlap_inconclusive
bass_00940b8f3955,Bass,filter_1_cutoff,envelope_mae,0.0016133184821586419,0.003371417140629814,0.000874673228593782,0.0013798964593228888,3.471417140629814e-09,overlap_inconclusive
bass_00c1c123779a,Bass,osc_1_level,waveform_rmse,,,,,,insufficient_valid_comparisons
bass_00c1c123779a,Bass,osc_1_level,spectral_distance,,,,,,insufficient_valid_comparisons
bass_00c1c123779a,Bass,osc_1_level,envelope_mae,,,,,,insufficient_valid_comparisons
bass_00c1c123779a,Bass,filter_1_cutoff,waveform_rmse,,,,,,insufficient_valid_comparisons
bass_00c1c123779a,Bass,filter_1_cutoff,spectral_distance,,,,,,insufficient_valid_comparisons
bass_00c1c123779a,Bass,filter_1_cutoff,envelope_mae,,,,,,insufficient_valid_comparisons
pad_0066d9cb520f,Pad,osc_1_level,waveform_rmse,0.0,0.0,0.0018324925712945386,0.0018324925712945386,1.9324925712945384e-09,observed_separation
pad_0066d9cb520f,Pad,osc_1_level,spectral_distance,0.0,0.0,0.030186942630835673,0.030186942630835673,3.0286942630835675e-08,observed_separation
pad_0066d9cb520f,Pad,osc_1_level,envelope_mae,0.0,0.0,0.0009939059125769255,0.0009939059125769255,1.0939059125769255e-09,observed_separation
pad_02232e7861b3,Pad,osc_1_level,waveform_rmse,0.042522834146159545,0.04737162629603375,0.039635489111935734,0.047838218048535205,4.7938218048535205e-08,overlap_inconclusive
pad_02232e7861b3,Pad,osc_1_level,spectral_distance,1.1011281512741498,1.1611453091459085,1.0087828539981305,1.1204089065946636,1.1612453091459085e-06,overlap_inconclusive
pad_02232e7861b3,Pad,osc_1_level,envelope_mae,0.0069195336782188295,0.008414739789424405,0.004931038823889436,0.006775021366481521,8.514739789424403e-09,overlap_inconclusive
pad_02232e7861b3,Pad,filter_1_cutoff,waveform_rmse,0.042522834146159545,0.04737162629603375,0.03721644279216256,0.0391518240882813,4.747162629603375e-08,overlap_inconclusive
pad_02232e7861b3,Pad,filter_1_cutoff,spectral_distance,1.1011281512741498,1.1611453091459085,1.0087573327552655,1.273388516815263,1.2734885168152629e-06,overlap_inconclusive
pad_02232e7861b3,Pad,filter_1_cutoff,envelope_mae,0.0069195336782188295,0.008414739789424405,0.004240798843415661,0.008647554160022176,8.747554160022174e-09,overlap_inconclusive
pluck_01c17aca1710,Pluck,osc_1_level,waveform_rmse,,,,,,insufficient_valid_comparisons
pluck_01c17aca1710,Pluck,osc_1_level,spectral_distance,,,,,,insufficient_valid_comparisons
pluck_01c17aca1710,Pluck,osc_1_level,envelope_mae,,,,,,insufficient_valid_comparisons
pluck_01c17aca1710,Pluck,filter_1_cutoff,waveform_rmse,,,,,,insufficient_valid_comparisons
pluck_01c17aca1710,Pluck,filter_1_cutoff,spectral_distance,,,,,,insufficient_valid_comparisons
pluck_01c17aca1710,Pluck,filter_1_cutoff,envelope_mae,,,,,,insufficient_valid_comparisons
pluck_039d741b9a82,Pluck,osc_1_level,waveform_rmse,0.031521411945012,0.033688721691510104,0.019559436187240677,0.029244779839615792,3.37887216915101e-08,overlap_inconclusive
pluck_039d741b9a82,Pluck,osc_1_level,spectral_distance,0.5533241813884047,0.5835272176804919,0.43525593596866746,0.47374325615548735,5.836272176804918e-07,overlap_inconclusive
pluck_039d741b9a82,Pluck,osc_1_level,envelope_mae,0.0006793274753410022,0.0007861515852679634,0.0006157303214073469,0.0006893690936809904,8.861515852679634e-10,overlap_inconclusive
pluck_039d741b9a82,Pluck,filter_1_cutoff,waveform_rmse,0.031521411945012,0.033688721691510104,0.03057496953388693,0.03142123710326366,3.37887216915101e-08,overlap_inconclusive
pluck_039d741b9a82,Pluck,filter_1_cutoff,spectral_distance,0.5533241813884047,0.5835272176804919,0.4994741109028154,0.5948046568472899,5.949046568472899e-07,overlap_inconclusive
pluck_039d741b9a82,Pluck,filter_1_cutoff,envelope_mae,0.0006793274753410022,0.0007861515852679634,0.0005509834448241796,0.0006959023748039398,8.861515852679634e-10,overlap_inconclusive
lead_00d6e56919f9,Lead,osc_1_level,waveform_rmse,0.1655789637639879,0.17431079207243252,0.168356490855333,0.17069635005788958,1.744107920724325e-07,overlap_inconclusive
lead_00d6e56919f9,Lead,osc_1_level,spectral_distance,1.061532144175767,1.449206017124564,1.4498392241784117,1.5377691132665692,1.5378691132665691e-06,observed_separation
lead_00d6e56919f9,Lead,osc_1_level,envelope_mae,0.006577749049006965,0.009181457180622972,0.008807497442068208,0.010236276710737421,1.033627671073742e-08,overlap_inconclusive
lead_00d6e56919f9,Lead,filter_1_cutoff,waveform_rmse,0.1655789637639879,0.17431079207243252,0.1682604790382539,0.17080502428302333,1.744107920724325e-07,overlap_inconclusive
lead_00d6e56919f9,Lead,filter_1_cutoff,spectral_distance,1.061532144175767,1.449206017124564,1.642553195260234,1.6584067673261742,1.6585067673261741e-06,observed_separation
lead_00d6e56919f9,Lead,filter_1_cutoff,envelope_mae,0.006577749049006965,0.009181457180622972,0.010606599417469432,0.015017741626103209,1.511774162610321e-08,observed_separation
lead_012e0b65afee,Lead,osc_1_level,waveform_rmse,,,,,,insufficient_valid_comparisons
lead_012e0b65afee,Lead,osc_1_level,spectral_distance,,,,,,insufficient_valid_comparisons
lead_012e0b65afee,Lead,osc_1_level,envelope_mae,,,,,,insufficient_valid_comparisons
lead_012e0b65afee,Lead,filter_1_cutoff,waveform_rmse,,,,,,insufficient_valid_comparisons
lead_012e0b65afee,Lead,filter_1_cutoff,spectral_distance,,,,,,insufficient_valid_comparisons
lead_012e0b65afee,Lead,filter_1_cutoff,envelope_mae,,,,,,insufficient_valid_comparisons
