fixture_id,category,performance,reference_note,onset_s,offset_s,pitch_midi,velocity,held_frames,correct_pitch_mean,lower_octave_mean,upper_octave_mean,onset_peak_within_50ms
bass_00940b8f3955,Bass,held_c4,0,0.0,2.0,60,100,174,0.15977978706359863,0.8280906081199646,0.09056498110294342,0.6299516558647156
bass_00940b8f3955,Bass,held_c3,0,0.0,2.0,48,100,174,0.2558246850967407,0.8343055248260498,0.09008534997701645,0.6924852132797241
bass_00940b8f3955,Bass,staccato_c4,0,0.0,0.25,60,100,22,0.4451797306537628,0.6826488971710205,0.07546184957027435,0.659748911857605
bass_00940b8f3955,Bass,staccato_c4,1,0.5,0.75,60,100,21,0.6068903803825378,0.7066370844841003,0.07667247951030731,0.7163684964179993
bass_00940b8f3955,Bass,staccato_c4,2,1.0,1.25,60,100,21,0.5866466760635376,0.6934366822242737,0.07702505588531494,0.7141886353492737
bass_00940b8f3955,Bass,staccato_c4,3,1.5,1.75,60,100,21,0.5895677208900452,0.6612434983253479,0.07521256804466248,0.706996738910675
pad_0066d9cb520f,Pad,held_c4,0,0.0,2.0,60,100,174,0.6568921804428101,0.11254159361124039,0.09698085486888885,0.6185721755027771
pad_0066d9cb520f,Pad,held_c3,0,0.0,2.0,48,100,174,0.6660118103027344,0.10760783404111862,0.09208638966083527,0.4663577377796173
pad_0066d9cb520f,Pad,staccato_c4,0,0.0,0.25,60,100,22,0.5900190472602844,0.11719128489494324,0.0977603867650032,0.625909686088562
pad_0066d9cb520f,Pad,staccato_c4,1,0.5,0.75,60,100,21,0.598926305770874,0.11845915764570236,0.0965283140540123,0.7526901960372925
pad_0066d9cb520f,Pad,staccato_c4,2,1.0,1.25,60,100,21,0.5991425514221191,0.11731760948896408,0.09659641981124878,0.7510303258895874
pad_0066d9cb520f,Pad,staccato_c4,3,1.5,1.75,60,100,21,0.6051728129386902,0.11858872324228287,0.09666275978088379,0.7474241852760315
pad_02232e7861b3,Pad,held_c4,0,0.0,2.0,60,100,174,0.2207237333059311,0.09932264685630798,0.09598162770271301,0.12256929278373718
pad_02232e7861b3,Pad,held_c3,0,0.0,2.0,48,100,174,0.2623618245124817,0.09903822094202042,0.08917766809463501,0.09050551801919937
pad_02232e7861b3,Pad,staccato_c4,0,0.0,0.25,60,100,22,0.09311359375715256,0.10014737397432327,0.09859414398670197,0.11191210150718689
pad_02232e7861b3,Pad,staccato_c4,1,0.5,0.75,60,100,21,0.11857063323259354,0.10360422730445862,0.0999639481306076,0.08724132180213928
pad_02232e7861b3,Pad,staccato_c4,2,1.0,1.25,60,100,21,0.10353361815214157,0.101713165640831,0.10275484621524811,0.12089329957962036
pad_02232e7861b3,Pad,staccato_c4,3,1.5,1.75,60,100,21,0.23792435228824615,0.09932013601064682,0.09141220152378082,0.08305094391107559
pluck_039d741b9a82,Pluck,held_c4,0,0.0,2.0,60,100,174,0.2168862521648407,0.35162052512168884,0.1263873279094696,0.757546603679657
pluck_039d741b9a82,Pluck,held_c3,0,0.0,2.0,48,100,174,0.3113377094268799,0.16481156647205353,0.10272197425365448,0.7711097598075867
pluck_039d741b9a82,Pluck,staccato_c4,0,0.0,0.25,60,100,22,0.29040393233299255,0.33619773387908936,0.12331180274486542,0.6258277893066406
pluck_039d741b9a82,Pluck,staccato_c4,1,0.5,0.75,60,100,21,0.520068883895874,0.47079235315322876,0.11252995580434799,0.8407139778137207
pluck_039d741b9a82,Pluck,staccato_c4,2,1.0,1.25,60,100,21,0.49208328127861023,0.41740068793296814,0.11631184816360474,0.8662272691726685
pluck_039d741b9a82,Pluck,staccato_c4,3,1.5,1.75,60,100,21,0.4196687340736389,0.3947606384754181,0.11371317505836487,0.8122327923774719
lead_00d6e56919f9,Lead,held_c4,0,0.0,2.0,60,100,174,0.11308714002370834,0.13381870090961456,0.34387171268463135,0.4636283814907074
lead_00d6e56919f9,Lead,held_c3,0,0.0,2.0,48,100,174,0.13556940853595734,0.11515792459249496,0.32754379510879517,0.4912000298500061
lead_00d6e56919f9,Lead,staccato_c4,0,0.0,0.25,60,100,22,0.10063882172107697,0.1216992437839508,0.15824469923973083,0.26741889119148254
lead_00d6e56919f9,Lead,staccato_c4,1,0.5,0.75,60,100,21,0.1206025630235672,0.15736207365989685,0.5396410822868347,0.3808317184448242
lead_00d6e56919f9,Lead,staccato_c4,2,1.0,1.25,60,100,21,0.10292170196771622,0.18873074650764465,0.12911351025104523,0.24110139906406403
lead_00d6e56919f9,Lead,staccato_c4,3,1.5,1.75,60,100,21,0.10752120614051819,0.23296183347702026,0.40305981040000916,0.2732360064983368
