parameter,introduced_feature,default_known,file_weighted_eligible,file_weighted_non_default,file_weighted_active_eligible,file_weighted_active_non_default,file_weighted_modulated,file_weighted_nonzero,deduplicated_eligible,deduplicated_non_default,deduplicated_active_non_default,deduplicated_modulated,deduplicated_nonzero
beats_per_minute,shared,True,9618,7856,9618,7856,7,9618,9595,7836,7836,7,9595
bypass,shared,True,9618,0,9618,0,0,0,9595,0,0,0,0
chorus_cutoff,shared,True,9618,3369,4835,2841,180,9618,9595,3362,2835,179,9595
chorus_delay_1,shared,True,9618,2223,4835,1820,207,9618,9595,2220,1817,207,9595
chorus_delay_2,shared,True,9618,2352,4835,1921,187,9618,9595,2349,1918,187,9595
chorus_dry_wet,shared,True,9618,4951,4835,4123,1177,8780,9595,4939,4113,1177,8757
chorus_feedback,shared,True,9618,3075,4835,2533,141,8664,9595,3066,2526,141,8644
chorus_frequency,shared,True,9618,263,4835,205,9,9618,9595,263,205,9,9595
chorus_mod_depth,shared,True,9618,3061,4835,2549,311,9422,9595,3055,2543,311,9399
chorus_on,shared,True,9618,4835,9618,4835,0,4835,9595,4823,4823,0,4823
chorus_spread,shared,True,9618,3104,4835,2640,91,9277,9595,3097,2634,91,9254
chorus_sync,shared,True,9618,240,4835,203,0,9405,9595,240,203,0,9382
chorus_tempo,shared,True,9618,2148,4835,1722,22,8770,9595,2146,1721,21,8748
chorus_voices,shared,True,9618,2422,4835,1932,0,9618,9595,2420,1931,0,9595
compressor_attack,shared,True,9618,4426,6738,4055,121,9368,9595,4418,4048,120,9346
compressor_band_gain,shared,True,9618,2855,6738,2576,270,9604,9595,2853,2574,270,9581
compressor_band_lower_ratio,shared,True,9618,1778,6738,1651,0,9558,9595,1776,1649,0,9535
compressor_band_lower_threshold,shared,True,9618,2636,6738,2391,0,9618,9595,2632,2387,0,9595
compressor_band_upper_ratio,shared,True,9618,1952,6738,1847,0,9588,9595,1948,1844,0,9565
compressor_band_upper_threshold,shared,True,9618,2894,6738,2631,0,9618,9595,2890,2628,0,9595
compressor_enabled_bands,shared,True,9618,1317,6738,1098,0,1317,9595,1313,1095,0,1313
compressor_high_gain,shared,True,9618,2934,6738,2656,344,9590,9595,2932,2654,341,9567
compressor_high_lower_ratio,shared,True,9618,1751,6738,1657,0,9575,9595,1748,1654,0,9552
compressor_high_lower_threshold,shared,True,9618,2588,6738,2383,0,9618,9595,2582,2377,0,9595
compressor_high_upper_ratio,shared,True,9618,1875,6738,1796,0,9591,9595,1870,1791,0,9568
compressor_high_upper_threshold,shared,True,9618,2900,6738,2682,0,9617,9595,2894,2676,0,9594
compressor_low_gain,shared,True,9618,2711,6738,2461,158,9599,9595,2708,2458,157,9576
compressor_low_lower_ratio,shared,True,9618,1393,6738,1304,0,9555,9595,1391,1302,0,9532
compressor_low_lower_threshold,shared,True,9618,2110,6738,1931,0,9618,9595,2105,1927,0,9595
compressor_low_upper_ratio,shared,True,9618,1508,6738,1430,0,9594,9595,1507,1429,0,9571
compressor_low_upper_threshold,shared,True,9618,2236,6738,2051,0,9617,9595,2231,2047,0,9594
compressor_mix,shared,True,9618,2506,6738,2224,385,9368,9595,2499,2218,383,9346
compressor_on,shared,True,9618,6738,9618,6738,0,6738,9595,6721,6721,0,6721
compressor_release,shared,True,9618,4088,6738,3760,127,9419,9595,4081,3754,127,9397
delay_aux_frequency,shared,True,9618,278,3908,221,13,9610,9595,277,220,13,9587
delay_aux_sync,shared,True,9618,972,3908,844,0,9401,9595,970,842,0,9379
delay_aux_tempo,shared,True,9618,1577,3908,1337,18,9618,9595,1573,1333,18,9595
delay_dry_wet,shared,True,9618,4072,3908,3411,1322,8660,9595,4063,3402,1319,8640
delay_feedback,shared,True,9618,3043,3908,2535,233,9580,9595,3036,2528,233,9557
delay_filter_cutoff,shared,True,9618,3127,3908,2652,236,9618,9595,3120,2645,236,9595
delay_filter_spread,shared,True,9618,2949,3908,2521,102,9156,9595,2943,2515,102,9135
delay_frequency,shared,True,9618,492,3908,371,54,9611,9595,491,370,54,9588
delay_on,shared,True,9618,3908,9618,3908,0,3908,9595,3897,3897,0,3897
delay_style,shared,True,9618,3227,3908,2757,0,3227,9595,3219,2749,0,3219
delay_sync,shared,True,9618,1097,3908,915,0,9188,9595,1095,913,0,9166
delay_tempo,shared,True,9618,2085,3908,1669,40,9618,9595,2077,1662,40,9595
distortion_drive,shared,True,9618,6857,6253,5845,1890,6857,9595,6841,5829,1885,6841
distortion_filter_blend,shared,True,9618,1211,6253,1026,141,1211,9595,1208,1023,141,1208
distortion_filter_cutoff,shared,True,9618,2972,6253,2552,920,9618,9595,2967,2547,918,9595
distortion_filter_order,shared,True,9618,2319,6253,2021,0,2319,9595,2312,2014,0,2312
distortion_filter_resonance,shared,True,9618,2699,6253,2328,212,8912,9595,2691,2320,210,8890
distortion_mix,shared,True,9618,2692,6253,2296,881,9121,9595,2684,2288,877,9102
distortion_on,shared,True,9618,6253,9618,6253,0,6253,9595,6235,6235,0,6235
distortion_type,shared,True,9618,3278,6253,2833,0,3278,9595,3267,2822,0,3267
effect_chain_order,shared,True,9618,6263,9618,6263,0,6263,9595,6243,6243,0,6243
env_1_attack,shared,True,9618,5183,1451,979,329,8373,9595,5171,978,329,8350
env_1_attack_power,shared,True,9618,1206,1451,281,0,1206,9595,1203,281,0,1203
env_1_decay,shared,True,9618,5136,1451,1227,323,9426,9595,5120,1224,322,9404
env_1_decay_power,shared,True,9618,1972,1451,540,0,9537,9595,1965,539,0,9515
env_1_delay,shared,True,9618,216,1451,52,11,216,9595,216,52,11,216
env_1_hold,shared,True,9618,591,1451,126,33,591,9595,591,126,33,591
env_1_release,shared,True,9618,5844,1451,1071,453,8897,9595,5829,1068,453,8874
env_1_release_power,shared,True,9618,1071,1451,226,0,9549,9595,1069,225,0,9526
env_1_sustain,shared,True,9618,4263,1451,1161,531,8191,9595,4252,1159,530,8173
env_2_attack,shared,True,9618,2126,2926,1624,145,8907,9595,2120,1618,145,8887
env_2_attack_power,shared,True,9618,514,2926,403,0,514,9595,514,403,0,514
env_2_decay,shared,True,9618,3464,2926,2655,210,9524,9595,3455,2647,210,9502
env_2_decay_power,shared,True,9618,1208,2926,954,0,9556,9595,1206,952,0,9533
env_2_delay,shared,True,9618,127,2926,95,11,127,9595,127,95,11,127
env_2_hold,shared,True,9618,213,2926,163,12,213,9595,213,163,12,213
env_2_release,shared,True,9618,2074,2926,1517,164,9232,9595,2070,1513,164,9210
env_2_release_power,shared,True,9618,218,2926,161,0,9602,9595,218,161,0,9579
env_2_sustain,shared,True,9618,3371,2926,2612,270,7571,9595,3363,2605,270,7553
env_3_attack,shared,True,9618,854,1135,581,34,9325,9595,850,577,34,9304
env_3_attack_power,shared,True,9618,207,1135,149,0,207,9595,207,149,0,207
env_3_decay,shared,True,9618,1452,1135,1022,66,9585,9595,1446,1016,66,9562
env_3_decay_power,shared,True,9618,421,1135,321,0,9603,9595,419,319,0,9580
env_3_delay,shared,True,9618,81,1135,50,8,81,9595,81,50,8,81
env_3_hold,shared,True,9618,76,1135,52,7,76,9595,75,51,7,75
env_3_release,shared,True,9618,851,1135,557,72,9409,9595,849,555,72,9387
env_3_release_power,shared,True,9618,75,1135,56,0,9617,9595,75,56,0,9594
env_3_sustain,shared,True,9618,1451,1135,1021,79,8706,9595,1445,1015,79,8689
env_4_attack,shared,True,9618,304,368,182,9,9529,9595,304,182,9,9506
env_4_attack_power,shared,True,9618,101,368,62,0,101,9595,101,62,0,101
env_4_decay,shared,True,9618,515,368,333,16,9608,9595,513,332,16,9585
env_4_decay_power,shared,True,9618,151,368,107,0,9611,9595,151,107,0,9588
env_4_delay,shared,True,9618,32,368,23,7,32,9595,32,23,7,32
env_4_hold,shared,True,9618,29,368,18,3,29,9595,29,18,3,29
env_4_release,shared,True,9618,332,368,215,23,9516,9595,331,215,23,9493
env_4_release_power,shared,True,9618,20,368,12,0,9618,9595,20,12,0,9595
env_4_sustain,shared,True,9618,520,368,332,32,9266,9595,518,331,32,9244
env_5_attack,shared,True,9618,126,145,65,2,9576,9595,126,65,2,9553
env_5_attack_power,shared,True,9618,39,145,25,0,39,9595,39,25,0,39
env_5_decay,shared,True,9618,213,145,131,3,9605,9595,212,130,3,9582
env_5_decay_power,shared,True,9618,74,145,47,0,9617,9595,74,47,0,9594
env_5_delay,shared,True,9618,15,145,7,1,15,9595,15,7,1,15
env_5_hold,shared,True,9618,19,145,6,1,19,9595,19,6,1,19
env_5_release,shared,True,9618,125,145,62,6,9577,9595,125,62,6,9554
env_5_release_power,shared,True,9618,9,145,5,0,9617,9595,9,5,0,9594
env_5_sustain,shared,True,9618,208,145,128,9,9476,9595,207,127,9,9454
env_6_attack,shared,True,9618,67,53,26,7,9597,9595,67,26,7,9574
env_6_attack_power,shared,True,9618,15,53,10,0,15,9595,15,10,0,15
env_6_decay,shared,True,9618,74,53,45,5,9617,9595,74,45,5,9594
env_6_decay_power,shared,True,9618,25,53,18,0,9618,9595,25,18,0,9595
env_6_delay,shared,True,9618,8,53,6,0,8,9595,8,6,0,8
env_6_hold,shared,True,9618,3,53,2,0,3,9595,3,2,0,3
env_6_release,shared,True,9618,43,53,26,0,9601,9595,43,26,0,9578
env_6_release_power,shared,True,9618,3,53,3,0,9618,9595,3,3,0,9595
env_6_sustain,shared,True,9618,68,53,40,3,9560,9595,68,40,3,9537
eq_band_cutoff,shared,True,9618,5137,6186,4807,1109,9618,9595,5122,4793,1108,9595
eq_band_gain,shared,True,9618,4819,6186,4511,637,4819,9595,4805,4498,636,4805
eq_band_mode,shared,True,9618,233,6186,181,0,233,9595,233,181,0,233
eq_band_resonance,shared,True,9618,3182,6186,3038,184,9125,9595,3175,3031,183,9102
eq_high_cutoff,shared,True,9618,5210,6186,4891,689,9618,9595,5197,4879,688,9595
eq_high_gain,shared,True,9618,4743,6186,4452,551,4743,9595,4731,4441,550,4731
eq_high_mode,shared,True,9618,1405,6186,1322,0,1405,9595,1405,1322,0,1405
eq_high_resonance,shared,True,9618,2093,6186,1996,172,9127,9595,2091,1994,172,9104
eq_low_cutoff,shared,True,9618,5234,6186,4919,556,9618,9595,5223,4909,555,9595
eq_low_gain,shared,True,9618,4659,6186,4375,287,4659,9595,4651,4368,287,4651
eq_low_mode,shared,True,9618,2605,6186,2483,0,2605,9595,2598,2476,0,2598
eq_low_resonance,shared,True,9618,1899,6186,1815,88,9265,9595,1896,1812,88,9242
eq_on,shared,True,9618,6186,9618,6186,0,6186,9595,6170,6170,0,6170
filter_1_blend,shared,True,9618,2068,7118,1922,378,2068,9595,2063,1917,377,2063
filter_1_blend_transpose,shared,True,9618,527,7118,466,118,9536,9595,527,466,118,9513
filter_1_cutoff,shared,True,9618,6952,7118,6369,4494,9618,9595,6937,6354,4481,9595
filter_1_drive,shared,True,9618,2657,7118,2505,423,2657,9595,2650,2498,422,2650
filter_1_filter_input,shared,True,9618,331,7118,311,0,331,9595,329,309,0,329
filter_1_formant_resonance,shared,True,9618,172,7118,152,6,9618,9595,172,152,6,9595
filter_1_formant_spread,shared,True,9618,111,7118,103,41,111,9595,111,103,41,111
filter_1_formant_transpose,shared,True,9618,209,7118,182,69,209,9595,209,182,69,209
filter_1_formant_x,shared,True,9618,299,7118,247,67,9580,9595,299,247,67,9557
filter_1_formant_y,shared,True,9618,240,7118,207,49,9564,9595,240,207,49,9541
filter_1_keytrack,shared,True,9618,1915,7118,1805,48,1915,9595,1911,1801,48,1911
filter_1_mix,shared,True,9618,852,7118,769,362,9472,9595,850,767,361,9450
filter_1_model,shared,True,9618,2647,7118,2430,0,2647,9595,2643,2426,0,2643
filter_1_on,shared,True,9618,7118,9618,7118,0,7118,9595,7101,7101,0,7101
filter_1_resonance,shared,True,9618,6789,7118,6269,664,7128,9595,6774,6254,662,7110
filter_1_style,shared,True,9618,3340,7118,3101,0,3340,9595,3336,3097,0,3336
filter_2_blend,shared,True,9618,2048,4294,1820,304,2048,9595,2045,1817,303,2045
filter_2_blend_transpose,shared,True,9618,488,4294,440,141,9522,9595,485,437,141,9499
filter_2_cutoff,shared,True,9618,4393,4294,3799,2246,9618,9595,4385,3792,2243,9595
filter_2_drive,shared,True,9618,1565,4294,1421,291,1565,9595,1561,1418,291,1561
filter_2_filter_input,shared,True,9618,1487,4294,1335,0,1487,9595,1484,1332,0,1484
filter_2_formant_resonance,shared,True,9618,159,4294,136,10,9618,9595,159,136,10,9595
filter_2_formant_spread,shared,True,9618,104,4294,88,40,104,9595,104,88,40,104
filter_2_formant_transpose,shared,True,9618,188,4294,135,58,188,9595,188,135,58,188
filter_2_formant_x,shared,True,9618,240,4294,196,50,9579,9595,239,195,50,9556
filter_2_formant_y,shared,True,9618,202,4294,162,53,9570,9595,202,162,52,9547
filter_2_keytrack,shared,True,9618,1316,4294,1204,25,1316,9595,1314,1203,25,1314
filter_2_mix,shared,True,9618,791,4294,705,323,9459,9595,790,704,322,9436
filter_2_model,shared,True,9618,2043,4294,1833,0,2043,9595,2038,1828,0,2038
filter_2_on,shared,True,9618,4294,9618,4294,0,4294,9595,4285,4285,0,4285
filter_2_resonance,shared,True,9618,4219,4294,3684,356,7987,9595,4210,3677,355,7967
filter_2_style,shared,True,9618,2236,4294,1979,0,2236,9595,2232,1975,0,2232
filter_fx_blend,shared,True,9618,1281,3417,961,176,1281,9595,1279,960,176,1279
filter_fx_blend_transpose,shared,True,9618,344,3417,264,53,9563,9595,344,264,53,9540
filter_fx_cutoff,shared,True,9618,4206,3417,3128,1840,9618,9595,4199,3123,1839,9595
filter_fx_drive,shared,True,9618,1419,3417,1104,236,1419,9595,1416,1101,236,1416
filter_fx_formant_resonance,shared,True,9618,165,3417,129,12,9618,9595,165,129,12,9595
filter_fx_formant_spread,shared,True,9618,128,3417,97,53,128,9595,128,97,53,128
filter_fx_formant_transpose,shared,True,9618,147,3417,113,70,147,9595,147,113,70,147
filter_fx_formant_x,shared,True,9618,190,3417,143,57,9590,9595,190,143,57,9567
filter_fx_formant_y,shared,True,9618,190,3417,141,53,9580,9595,190,141,53,9557
filter_fx_keytrack,shared,True,9618,947,3417,720,27,947,9595,946,719,27,946
filter_fx_mix,shared,True,9618,1135,3417,925,524,9264,9595,1134,924,523,9242
filter_fx_model,shared,True,9618,1689,3417,1300,0,1689,9595,1687,1298,0,1687
filter_fx_on,shared,True,9618,3417,9618,3417,0,3417,9595,3412,3412,0,3412
filter_fx_resonance,shared,True,9618,4051,3417,3083,215,7905,9595,4044,3078,215,7886
filter_fx_style,shared,True,9618,1882,3417,1450,0,1882,9595,1879,1448,0,1879
flanger_center,shared,True,9618,1229,1148,703,260,9618,9595,1227,703,260,9595
flanger_depth,vital_1.0.7_flanger_depth_extension,False,2,,2,,0,2,2,,,0,2
flanger_dry_wet,shared,True,9618,1497,1148,957,391,9298,9595,1495,957,391,9275
flanger_feedback,shared,True,9618,1300,1148,744,98,9510,9595,1299,744,98,9487
flanger_frequency,shared,True,9618,135,1148,89,10,9613,9595,135,89,10,9590
flanger_mod_depth,shared,True,9618,1124,1148,661,68,9459,9595,1122,661,68,9436
flanger_on,shared,True,9618,1148,9618,1148,0,1148,9595,1148,1148,0,1148
flanger_phase_offset,shared,True,9618,957,1148,559,102,9403,9595,955,559,102,9380
flanger_sync,shared,True,9618,151,1148,95,0,9505,9595,151,95,0,9482
flanger_tempo,shared,True,9618,945,1148,565,18,9153,9595,944,565,18,9130
legato,shared,True,9618,1775,9618,1775,0,1775,9595,1772,1772,0,1772
lfo_1_delay_time,shared,True,9618,160,5960,123,7,160,9595,158,121,7,158
lfo_1_fade_time,shared,True,9618,24,5960,19,2,24,9595,24,19,2,24
lfo_1_frequency,shared,True,9618,1276,5960,955,253,9605,9595,1274,954,252,9583
lfo_1_keytrack_transpose,shared,True,9618,169,5960,118,17,9564,9595,168,118,17,9542
lfo_1_keytrack_tune,shared,True,9618,15,5960,10,4,15,9595,15,10,4,15
lfo_1_phase,shared,True,9618,316,5960,248,94,316,9595,316,248,94,316
lfo_1_smooth_mode,shared,True,9618,62,5960,46,0,9556,9595,62,46,0,9533
lfo_1_smooth_time,shared,True,9618,2914,5960,2289,75,9615,9595,2905,2282,75,9592
lfo_1_stereo,shared,True,9618,323,5960,263,71,323,9595,323,263,71,323
lfo_1_sync,shared,True,9618,1521,5960,1143,0,8531,9595,1517,1141,0,8509
lfo_1_sync_type,shared,True,9618,3244,5960,2767,0,3244,9595,3238,2761,0,3238
lfo_1_tempo,shared,True,9618,4902,5960,4076,421,9571,9595,4895,4070,421,9548
lfo_2_delay_time,shared,True,9618,82,3826,62,10,82,9595,81,62,10,81
lfo_2_fade_time,shared,True,9618,20,3826,10,0,20,9595,20,10,0,20
lfo_2_frequency,shared,True,9618,756,3826,589,181,9609,9595,754,588,181,9586
lfo_2_keytrack_transpose,shared,True,9618,112,3826,55,12,9582,9595,111,55,12,9559
lfo_2_keytrack_tune,shared,True,9618,5,3826,2,4,5,9595,5,2,4,5
lfo_2_phase,shared,True,9618,159,3826,119,48,159,9595,159,119,48,159
lfo_2_smooth_mode,shared,True,9618,50,3826,38,0,9568,9595,50,38,0,9545
lfo_2_smooth_time,shared,True,9618,1860,3826,1437,49,9616,9595,1858,1436,49,9593
lfo_2_stereo,shared,True,9618,187,3826,157,46,187,9595,187,157,46,187
lfo_2_sync,shared,True,9618,989,3826,749,0,8923,9595,986,747,0,8902
lfo_2_sync_type,shared,True,9618,2258,3826,1877,0,2258,9595,2251,1872,0,2251
lfo_2_tempo,shared,True,9618,3245,3826,2615,249,9580,9595,3241,2612,249,9557
lfo_3_delay_time,shared,True,9618,43,2282,28,7,43,9595,43,28,7,43
lfo_3_fade_time,shared,True,9618,12,2282,11,0,12,9595,12,11,0,12
lfo_3_frequency,shared,True,9618,507,2282,374,131,9616,9595,507,374,131,9593
lfo_3_keytrack_transpose,shared,True,9618,75,2282,40,5,9604,9595,75,40,5,9581
lfo_3_keytrack_tune,shared,True,9618,4,2282,2,2,4,9595,4,2,2,4
lfo_3_phase,shared,True,9618,70,2282,59,29,70,9595,70,59,29,70
lfo_3_smooth_mode,shared,True,9618,54,2282,36,0,9564,9595,54,36,0,9541
lfo_3_smooth_time,shared,True,9618,1291,2282,948,31,9616,9595,1290,947,31,9593
lfo_3_stereo,shared,True,9618,139,2282,120,22,139,9595,139,120,22,139
lfo_3_sync,shared,True,9618,663,2282,481,0,9138,9595,663,481,0,9115
lfo_3_sync_type,shared,True,9618,1402,2282,1165,0,1402,9595,1399,1163,0,1399
lfo_3_tempo,shared,True,9618,1972,2282,1595,111,9599,9595,1969,1594,111,9576
lfo_4_delay_time,shared,True,9618,43,1307,34,2,43,9595,43,34,2,43
lfo_4_fade_time,shared,True,9618,4,1307,4,0,4,9595,4,4,0,4
lfo_4_frequency,shared,True,9618,330,1307,241,64,9616,9595,330,241,64,9593
lfo_4_keytrack_transpose,shared,True,9618,56,1307,25,8,9602,9595,56,25,8,9579
lfo_4_keytrack_tune,shared,True,9618,10,1307,7,2,10,9595,10,7,2,10
lfo_4_phase,shared,True,9618,73,1307,45,19,73,9595,73,45,19,73
lfo_4_smooth_mode,shared,True,9618,51,1307,26,0,9567,9595,51,26,0,9544
lfo_4_smooth_time,shared,True,9618,932,1307,624,29,9618,9595,931,623,29,9595
lfo_4_stereo,shared,True,9618,74,1307,56,11,74,9595,74,56,11,74
lfo_4_sync,shared,True,9618,415,1307,292,0,9345,9595,415,292,0,9322
lfo_4_sync_type,shared,True,9618,872,1307,691,0,872,9595,870,689,0,870
lfo_4_tempo,shared,True,9618,1197,1307,891,65,9604,9595,1196,890,65,9581
lfo_5_delay_time,shared,True,9618,8,742,7,2,8,9595,8,7,2,8
lfo_5_fade_time,shared,True,9618,11,742,11,0,11,9595,11,11,0,11
lfo_5_frequency,shared,True,9618,209,742,152,48,9617,9595,208,152,48,9594
lfo_5_keytrack_transpose,shared,True,9618,72,742,26,8,9594,9595,72,26,8,9571
lfo_5_keytrack_tune,shared,True,9618,1,742,0,0,1,9595,1,0,0,1
lfo_5_phase,shared,True,9618,23,742,15,11,23,9595,23,15,11,23
lfo_5_smooth_mode,shared,True,9618,42,742,15,0,9576,9595,42,15,0,9553
lfo_5_smooth_time,shared,True,9618,691,742,421,18,9618,9595,690,421,18,9595
lfo_5_stereo,shared,True,9618,35,742,25,12,35,9595,35,25,12,35
lfo_5_sync,shared,True,9618,268,742,184,0,9449,9595,267,184,0,9427
lfo_5_sync_type,shared,True,9618,497,742,392,0,497,9595,495,391,0,495
lfo_5_tempo,shared,True,9618,776,742,550,28,9612,9595,774,549,28,9589
lfo_6_delay_time,shared,True,9618,8,434,4,1,8,9595,8,4,1,8
lfo_6_fade_time,shared,True,9618,3,434,1,0,3,9595,3,1,0,3
lfo_6_frequency,shared,True,9618,122,434,78,38,9617,9595,122,78,38,9594
lfo_6_keytrack_transpose,shared,True,9618,43,434,21,5,9609,9595,43,21,5,9586
lfo_6_keytrack_tune,shared,True,9618,3,434,2,0,3,9595,3,2,0,3
lfo_6_phase,shared,True,9618,8,434,5,6,8,9595,8,5,6,8
lfo_6_smooth_mode,shared,True,9618,48,434,15,0,9570,9595,48,15,0,9547
lfo_6_smooth_time,shared,True,9618,475,434,253,11,9618,9595,475,253,11,9595
lfo_6_stereo,shared,True,9618,16,434,13,6,16,9595,16,13,6,16
lfo_6_sync,shared,True,9618,158,434,92,0,9518,9595,158,92,0,9495
lfo_6_sync_type,shared,True,9618,307,434,234,0,307,9595,307,234,0,307
lfo_6_tempo,shared,True,9618,451,434,320,15,9613,9595,451,320,15,9590
lfo_7_delay_time,shared,True,9618,5,227,4,0,5,9595,5,4,0,5
lfo_7_fade_time,shared,True,9618,4,227,3,0,4,9595,4,3,0,4
lfo_7_frequency,shared,True,9618,60,227,38,16,9618,9595,60,38,16,9595
lfo_7_keytrack_transpose,shared,True,9618,19,227,5,2,9607,9595,19,5,2,9584
lfo_7_keytrack_tune,shared,True,9618,1,227,1,2,1,9595,1,1,2,1
lfo_7_phase,shared,True,9618,5,227,4,1,5,9595,5,4,1,5
lfo_7_smooth_mode,shared,True,9618,43,227,10,0,9575,9595,43,10,0,9552
lfo_7_smooth_time,shared,True,9618,346,227,146,10,9618,9595,346,146,10,9595
lfo_7_stereo,shared,True,9618,6,227,5,3,6,9595,6,5,3,6
lfo_7_sync,shared,True,9618,83,227,43,0,9572,9595,83,43,0,9549
lfo_7_sync_type,shared,True,9618,172,227,126,0,172,9595,172,126,0,172
lfo_7_tempo,shared,True,9618,254,227,167,8,9617,9595,254,167,8,9594
lfo_8_delay_time,shared,True,9618,4,122,2,0,4,9595,4,2,0,4
lfo_8_fade_time,shared,True,9618,1,122,1,0,1,9595,1,1,0,1
lfo_8_frequency,shared,True,9618,50,122,20,7,9617,9595,50,20,7,9594
lfo_8_keytrack_transpose,shared,True,9618,25,122,6,2,9610,9595,25,6,2,9587
lfo_8_keytrack_tune,shared,True,9618,0,122,0,1,0,9595,0,0,1,0
lfo_8_phase,shared,True,9618,4,122,3,1,4,9595,4,3,1,4
lfo_8_smooth_mode,shared,True,9618,1,122,1,0,9617,9595,1,1,0,9594
lfo_8_smooth_time,shared,True,9618,254,122,75,4,9618,9595,254,75,4,9595
lfo_8_stereo,shared,True,9618,3,122,2,3,3,9595,3,2,3,3
lfo_8_sync,shared,True,9618,62,122,22,0,9594,9595,62,22,0,9571
lfo_8_sync_type,shared,True,9618,83,122,57,0,83,9595,83,57,0,83
lfo_8_tempo,shared,True,9618,152,122,92,3,9617,9595,152,92,3,9594
macro_control_1,shared,True,9618,3098,9618,3098,255,3098,9595,3091,3091,254,3091
macro_control_2,shared,True,9618,2299,9618,2299,118,2299,9595,2293,2293,118,2293
macro_control_3,shared,True,9618,1735,9618,1735,71,1735,9595,1730,1730,71,1730
macro_control_4,shared,True,9618,1419,9618,1419,42,1419,9595,1417,1417,42,1417
mod_wheel,shared,True,9618,689,9618,689,0,689,9595,687,687,0,687
modulation_10_amount,shared,True,9618,3419,3395,3185,209,3419,9595,3415,3181,208,3415
modulation_10_bipolar,shared,True,9618,311,3395,301,0,311,9595,310,300,0,310
modulation_10_bypass,shared,True,9618,28,3395,20,0,28,9595,28,20,0,28
modulation_10_power,shared,True,9618,20,3395,19,3,20,9595,20,19,3,20
modulation_10_ramp_down,vital_1.6_modulation_ramps,False,287,,102,,0,287,287,,,0,287
modulation_10_ramp_up,vital_1.6_modulation_ramps,False,287,,102,,0,287,287,,,0,287
modulation_10_stereo,shared,True,9618,30,3395,29,0,30,9595,30,29,0,30
modulation_11_amount,shared,True,9618,3056,3069,2849,211,3056,9595,3054,2847,208,3054
modulation_11_bipolar,shared,True,9618,286,3069,274,0,286,9595,285,273,0,285
modulation_11_bypass,shared,True,9618,12,3069,8,0,12,9595,12,8,0,12
modulation_11_power,shared,True,9618,15,3069,14,4,15,9595,15,14,4,15
modulation_11_ramp_down,vital_1.6_modulation_ramps,False,287,,89,,0,287,287,,,0,287
modulation_11_ramp_up,vital_1.6_modulation_ramps,False,287,,89,,0,287,287,,,0,287
modulation_11_stereo,shared,True,9618,34,3069,34,0,34,9595,34,34,0,34
modulation_12_amount,shared,True,9618,2756,2761,2577,183,2756,9595,2752,2573,183,2752
modulation_12_bipolar,shared,True,9618,232,2761,220,0,232,9595,232,220,0,232
modulation_12_bypass,shared,True,9618,16,2761,11,0,16,9595,16,11,0,16
modulation_12_power,shared,True,9618,13,2761,12,3,13,9595,13,12,3,13
modulation_12_ramp_down,vital_1.6_modulation_ramps,False,287,,82,,0,287,287,,,0,287
modulation_12_ramp_up,vital_1.6_modulation_ramps,False,287,,82,,0,287,287,,,0,287
modulation_12_stereo,shared,True,9618,42,2761,41,0,42,9595,42,41,0,42
modulation_13_amount,shared,True,9618,2520,2510,2349,164,2520,9595,2517,2346,164,2517
modulation_13_bipolar,shared,True,9618,203,2510,191,0,203,9595,203,191,0,203
modulation_13_bypass,shared,True,9618,12,2510,8,0,12,9595,12,8,0,12
modulation_13_power,shared,True,9618,13,2510,13,2,13,9595,13,13,2,13
modulation_13_ramp_down,vital_1.6_modulation_ramps,False,287,,76,,0,287,287,,,0,287
modulation_13_ramp_up,vital_1.6_modulation_ramps,False,287,,76,,0,287,287,,,0,287
modulation_13_stereo,shared,True,9618,15,2510,15,0,15,9595,15,15,0,15
modulation_14_amount,shared,True,9618,2301,2290,2130,172,2301,9595,2299,2128,172,2299
modulation_14_bipolar,shared,True,9618,212,2290,202,0,212,9595,212,202,0,212
modulation_14_bypass,shared,True,9618,12,2290,7,0,12,9595,12,7,0,12
modulation_14_power,shared,True,9618,13,2290,13,2,13,9595,13,13,2,13
modulation_14_ramp_down,vital_1.6_modulation_ramps,False,287,,74,,0,287,287,,,0,287
modulation_14_ramp_up,vital_1.6_modulation_ramps,False,287,,74,,0,287,287,,,0,287
modulation_14_stereo,shared,True,9618,31,2290,29,0,31,9595,31,29,0,31
modulation_15_amount,shared,True,9618,2093,2069,1929,143,2093,9595,2091,1927,143,2091
modulation_15_bipolar,shared,True,9618,216,2069,206,0,216,9595,216,206,0,216
modulation_15_bypass,shared,True,9618,19,2069,13,0,19,9595,19,13,0,19
modulation_15_power,shared,True,9618,14,2069,14,1,14,9595,14,14,1,14
modulation_15_ramp_down,vital_1.6_modulation_ramps,False,287,,68,,0,287,287,,,0,287
modulation_15_ramp_up,vital_1.6_modulation_ramps,False,287,,68,,0,287,287,,,0,287
modulation_15_stereo,shared,True,9618,21,2069,21,0,21,9595,21,21,0,21
modulation_16_amount,shared,True,9618,1909,1889,1756,127,1909,9595,1907,1754,127,1907
modulation_16_bipolar,shared,True,9618,159,1889,150,0,159,9595,159,150,0,159
modulation_16_bypass,shared,True,9618,13,1889,9,0,13,9595,13,9,0,13
modulation_16_power,shared,True,9618,10,1889,10,1,10,9595,10,10,1,10
modulation_16_ramp_down,vital_1.6_modulation_ramps,False,287,,58,,0,287,287,,,0,287
modulation_16_ramp_up,vital_1.6_modulation_ramps,False,287,,58,,0,287,287,,,0,287
modulation_16_stereo,shared,True,9618,37,1889,20,0,37,9595,37,20,0,37
modulation_17_amount,shared,True,9618,1755,1754,1622,133,1755,9595,1753,1620,133,1753
modulation_17_bipolar,shared,True,9618,174,1754,163,0,174,9595,174,163,0,174
modulation_17_bypass,shared,True,9618,12,1754,8,0,12,9595,12,8,0,12
modulation_17_power,shared,True,9618,10,1754,9,0,10,9595,10,9,0,10
modulation_17_ramp_down,vital_1.6_modulation_ramps,False,287,,53,,0,287,287,,,0,287
modulation_17_ramp_up,vital_1.6_modulation_ramps,False,287,,53,,0,287,287,,,0,287
modulation_17_stereo,shared,True,9618,29,1754,29,0,29,9595,29,29,0,29
modulation_18_amount,shared,True,9618,1619,1615,1501,115,1619,9595,1617,1499,115,1617
modulation_18_bipolar,shared,True,9618,172,1615,161,0,172,9595,172,161,0,172
modulation_18_bypass,shared,True,9618,10,1615,5,0,10,9595,10,5,0,10
modulation_18_power,shared,True,9618,9,1615,9,0,9,9595,9,9,0,9
modulation_18_ramp_down,vital_1.6_modulation_ramps,False,287,,51,,0,287,287,,,0,287
modulation_18_ramp_up,vital_1.6_modulation_ramps,False,287,,51,,0,287,287,,,0,287
modulation_18_stereo,shared,True,9618,15,1615,15,0,15,9595,15,15,0,15
modulation_19_amount,shared,True,9618,1454,1465,1338,127,1454,9595,1452,1336,127,1452
modulation_19_bipolar,shared,True,9618,171,1465,163,0,171,9595,171,163,0,171
modulation_19_bypass,shared,True,9618,10,1465,6,0,10,9595,10,6,0,10
modulation_19_power,shared,True,9618,14,1465,14,1,14,9595,14,14,1,14
modulation_19_ramp_down,vital_1.6_modulation_ramps,False,287,,46,,0,287,287,,,0,287
modulation_19_ramp_up,vital_1.6_modulation_ramps,False,287,,46,,0,287,287,,,0,287
modulation_19_stereo,shared,True,9618,16,1465,16,0,16,9595,16,16,0,16
modulation_1_amount,shared,True,9618,8343,8734,8059,702,8343,9595,8323,8039,700,8323
modulation_1_bipolar,shared,True,9618,673,8734,657,0,673,9595,673,657,0,673
modulation_1_bypass,shared,True,9618,66,8734,46,0,66,9595,65,45,0,65
modulation_1_power,shared,True,9618,91,8734,86,10,91,9595,91,86,10,91
modulation_1_ramp_down,vital_1.6_modulation_ramps,False,287,,237,,0,287,287,,,0,287
modulation_1_ramp_up,vital_1.6_modulation_ramps,False,287,,237,,0,287,287,,,0,287
modulation_1_stereo,shared,True,9618,62,8734,58,0,62,9595,62,58,0,62
modulation_20_amount,shared,True,9618,1334,1348,1226,122,1334,9595,1332,1224,122,1332
modulation_20_bipolar,shared,True,9618,148,1348,140,0,148,9595,147,139,0,147
modulation_20_bypass,shared,True,9618,11,1348,7,0,11,9595,11,7,0,11
modulation_20_power,shared,True,9618,6,1348,6,1,6,9595,6,6,1,6
modulation_20_ramp_down,vital_1.6_modulation_ramps,False,287,,42,,0,287,287,,,0,287
modulation_20_ramp_up,vital_1.6_modulation_ramps,False,287,,42,,0,287,287,,,0,287
modulation_20_stereo,shared,True,9618,13,1348,13,0,13,9595,13,13,0,13
modulation_21_amount,shared,True,9618,1241,1214,1119,95,1241,9595,1239,1117,95,1239
modulation_21_bipolar,shared,True,9618,131,1214,125,0,131,9595,131,125,0,131
modulation_21_bypass,shared,True,9618,9,1214,6,0,9,9595,9,6,0,9
modulation_21_power,shared,True,9618,6,1214,6,0,6,9595,6,6,0,6
modulation_21_ramp_down,vital_1.6_modulation_ramps,False,287,,36,,0,287,287,,,0,287
modulation_21_ramp_up,vital_1.6_modulation_ramps,False,287,,36,,0,287,287,,,0,287
modulation_21_stereo,shared,True,9618,11,1214,11,0,11,9595,11,11,0,11
modulation_22_amount,shared,True,9618,1119,1134,1013,125,1119,9595,1118,1012,124,1118
modulation_22_bipolar,shared,True,9618,137,1134,130,0,137,9595,137,130,0,137
modulation_22_bypass,shared,True,9618,9,1134,7,0,9,9595,9,7,0,9
modulation_22_power,shared,True,9618,14,1134,14,0,14,9595,14,14,0,14
modulation_22_ramp_down,vital_1.6_modulation_ramps,False,287,,36,,0,287,287,,,0,287
modulation_22_ramp_up,vital_1.6_modulation_ramps,False,287,,36,,0,287,287,,,0,287
modulation_22_stereo,shared,True,9618,11,1134,11,0,11,9595,11,11,0,11
modulation_23_amount,shared,True,9618,1048,1072,960,119,1048,9595,1046,958,119,1046
modulation_23_bipolar,shared,True,9618,191,1072,182,0,191,9595,190,181,0,190
modulation_23_bypass,shared,True,9618,6,1072,4,0,6,9595,6,4,0,6
modulation_23_power,shared,True,9618,7,1072,7,0,7,9595,7,7,0,7
modulation_23_ramp_down,vital_1.6_modulation_ramps,False,287,,32,,0,287,287,,,0,287
modulation_23_ramp_up,vital_1.6_modulation_ramps,False,287,,32,,0,287,287,,,0,287
modulation_23_stereo,shared,True,9618,13,1072,13,0,13,9595,13,13,0,13
modulation_24_amount,shared,True,9618,972,983,883,96,972,9595,970,881,96,970
modulation_24_bipolar,shared,True,9618,106,983,97,0,106,9595,106,97,0,106
modulation_24_bypass,shared,True,9618,8,983,5,0,8,9595,8,5,0,8
modulation_24_power,shared,True,9618,3,983,3,0,3,9595,3,3,0,3
modulation_24_ramp_down,vital_1.6_modulation_ramps,False,287,,33,,0,287,287,,,0,287
modulation_24_ramp_up,vital_1.6_modulation_ramps,False,287,,33,,0,287,287,,,0,287
modulation_24_stereo,shared,True,9618,11,983,11,0,11,9595,11,11,0,11
modulation_25_amount,shared,True,9618,906,917,831,85,906,9595,904,829,85,904
modulation_25_bipolar,shared,True,9618,129,917,122,0,129,9595,128,121,0,128
modulation_25_bypass,shared,True,9618,7,917,6,0,7,9595,7,6,0,7
modulation_25_power,shared,True,9618,5,917,5,0,5,9595,5,5,0,5
modulation_25_ramp_down,vital_1.6_modulation_ramps,False,287,,29,,0,287,287,,,0,287
modulation_25_ramp_up,vital_1.6_modulation_ramps,False,287,,29,,0,287,287,,,0,287
modulation_25_stereo,shared,True,9618,11,917,11,0,11,9595,11,11,0,11
modulation_26_amount,shared,True,9618,855,841,759,81,855,9595,853,757,81,853
modulation_26_bipolar,shared,True,9618,90,841,82,0,90,9595,90,82,0,90
modulation_26_bypass,shared,True,9618,8,841,6,0,8,9595,8,6,0,8
modulation_26_power,shared,True,9618,4,841,4,1,4,9595,4,4,1,4
modulation_26_ramp_down,vital_1.6_modulation_ramps,False,287,,27,,0,287,287,,,0,287
modulation_26_ramp_up,vital_1.6_modulation_ramps,False,287,,27,,0,287,287,,,0,287
modulation_26_stereo,shared,True,9618,12,841,12,0,12,9595,12,12,0,12
modulation_27_amount,shared,True,9618,798,778,716,67,798,9595,797,715,67,797
modulation_27_bipolar,shared,True,9618,95,778,83,0,95,9595,95,83,0,95
modulation_27_bypass,shared,True,9618,8,778,6,0,8,9595,8,6,0,8
modulation_27_power,shared,True,9618,5,778,5,0,5,9595,5,5,0,5
modulation_27_ramp_down,vital_1.6_modulation_ramps,False,287,,28,,0,287,287,,,0,287
modulation_27_ramp_up,vital_1.6_modulation_ramps,False,287,,28,,0,287,287,,,0,287
modulation_27_stereo,shared,True,9618,14,778,13,0,14,9595,14,13,0,14
modulation_28_amount,shared,True,9618,709,727,641,82,709,9595,709,641,81,709
modulation_28_bipolar,shared,True,9618,98,727,88,0,98,9595,98,88,0,98
modulation_28_bypass,shared,True,9618,3,727,3,0,3,9595,3,3,0,3
modulation_28_power,shared,True,9618,5,727,5,0,5,9595,5,5,0,5
modulation_28_ramp_down,vital_1.6_modulation_ramps,False,287,,27,,0,287,287,,,0,287
modulation_28_ramp_up,vital_1.6_modulation_ramps,False,287,,27,,0,287,287,,,0,287
modulation_28_stereo,shared,True,9618,16,727,16,0,16,9595,16,16,0,16
modulation_29_amount,shared,True,9618,676,672,601,65,676,9595,676,601,64,676
modulation_29_bipolar,shared,True,9618,133,672,116,0,133,9595,133,116,0,133
modulation_29_bypass,shared,True,9618,7,672,7,0,7,9595,7,7,0,7
modulation_29_power,shared,True,9618,3,672,3,0,3,9595,3,3,0,3
modulation_29_ramp_down,vital_1.6_modulation_ramps,False,287,,23,,0,287,287,,,0,287
modulation_29_ramp_up,vital_1.6_modulation_ramps,False,287,,23,,0,287,287,,,0,287
modulation_29_stereo,shared,True,9618,13,672,13,0,13,9595,13,13,0,13
modulation_2_amount,shared,True,9618,7887,7998,7491,536,7887,9595,7866,7471,535,7866
modulation_2_bipolar,shared,True,9618,612,7998,590,0,612,9595,611,589,0,611
modulation_2_bypass,shared,True,9618,40,7998,25,0,40,9595,40,25,0,40
modulation_2_power,shared,True,9618,73,7998,70,7,73,9595,73,70,7,73
modulation_2_ramp_down,vital_1.6_modulation_ramps,False,287,,209,,0,287,287,,,0,287
modulation_2_ramp_up,vital_1.6_modulation_ramps,False,287,,209,,0,287,287,,,0,287
modulation_2_stereo,shared,True,9618,58,7998,57,0,58,9595,58,57,0,58
modulation_30_amount,shared,True,9618,630,622,568,53,630,9595,629,567,53,629
modulation_30_bipolar,shared,True,9618,82,622,75,0,82,9595,82,75,0,82
modulation_30_bypass,shared,True,9618,6,622,4,0,6,9595,6,4,0,6
modulation_30_power,shared,True,9618,1,622,1,0,1,9595,1,1,0,1
modulation_30_ramp_down,vital_1.6_modulation_ramps,False,287,,20,,0,287,287,,,0,287
modulation_30_ramp_up,vital_1.6_modulation_ramps,False,287,,20,,0,287,287,,,0,287
modulation_30_stereo,shared,True,9618,5,622,5,0,5,9595,5,5,0,5
modulation_31_amount,shared,True,9618,572,577,518,62,572,9595,571,517,62,571
modulation_31_bipolar,shared,True,9618,65,577,62,0,65,9595,65,62,0,65
modulation_31_bypass,shared,True,9618,10,577,7,0,10,9595,10,7,0,10
modulation_31_power,shared,True,9618,3,577,3,0,3,9595,3,3,0,3
modulation_31_ramp_down,vital_1.6_modulation_ramps,False,287,,21,,0,287,287,,,0,287
modulation_31_ramp_up,vital_1.6_modulation_ramps,False,287,,21,,0,287,287,,,0,287
modulation_31_stereo,shared,True,9618,9,577,8,0,9,9595,9,8,0,9
modulation_32_amount,shared,True,9618,554,540,496,41,554,9595,553,495,41,553
modulation_32_bipolar,shared,True,9618,82,540,78,0,82,9595,82,78,0,82
modulation_32_bypass,shared,True,9618,4,540,3,0,4,9595,4,3,0,4
modulation_32_power,shared,True,9618,1,540,1,0,1,9595,1,1,0,1
modulation_32_ramp_down,vital_1.6_modulation_ramps,False,287,,19,,0,287,287,,,0,287
modulation_32_ramp_up,vital_1.6_modulation_ramps,False,287,,19,,0,287,287,,,0,287
modulation_32_stereo,shared,True,9618,9,540,9,0,9,9595,9,9,0,9
modulation_33_amount,shared,True,9618,519,492,444,44,519,9595,518,443,44,518
modulation_33_bipolar,shared,True,9618,72,492,66,0,72,9595,72,66,0,72
modulation_33_bypass,shared,True,9618,8,492,4,0,8,9595,8,4,0,8
modulation_33_power,shared,True,9618,1,492,1,0,1,9595,1,1,0,1
modulation_33_ramp_down,vital_1.6_modulation_ramps,False,287,,18,,0,287,287,,,0,287
modulation_33_ramp_up,vital_1.6_modulation_ramps,False,287,,18,,0,287,287,,,0,287
modulation_33_stereo,shared,True,9618,5,492,5,0,5,9595,5,5,0,5
modulation_34_amount,shared,True,9618,491,457,420,36,491,9595,490,419,36,490
modulation_34_bipolar,shared,True,9618,63,457,55,0,63,9595,63,55,0,63
modulation_34_bypass,shared,True,9618,4,457,2,0,4,9595,4,2,0,4
modulation_34_power,shared,True,9618,4,457,4,0,4,9595,4,4,0,4
modulation_34_ramp_down,vital_1.6_modulation_ramps,False,287,,15,,0,287,287,,,0,287
modulation_34_ramp_up,vital_1.6_modulation_ramps,False,287,,15,,0,287,287,,,0,287
modulation_34_stereo,shared,True,9618,4,457,3,0,4,9595,4,3,0,4
modulation_35_amount,shared,True,9618,442,398,360,37,442,9595,442,360,37,442
modulation_35_bipolar,shared,True,9618,65,398,60,0,65,9595,65,60,0,65
modulation_35_bypass,shared,True,9618,3,398,2,0,3,9595,3,2,0,3
modulation_35_power,shared,True,9618,0,398,0,0,0,9595,0,0,0,0
modulation_35_ramp_down,vital_1.6_modulation_ramps,False,287,,12,,0,287,287,,,0,287
modulation_35_ramp_up,vital_1.6_modulation_ramps,False,287,,12,,0,287,287,,,0,287
modulation_35_stereo,shared,True,9618,7,398,6,0,7,9595,7,6,0,7
modulation_36_amount,shared,True,9618,402,371,337,35,402,9595,402,337,35,402
modulation_36_bipolar,shared,True,9618,54,371,53,0,54,9595,54,53,0,54
modulation_36_bypass,shared,True,9618,5,371,4,0,5,9595,5,4,0,5
modulation_36_power,shared,True,9618,1,371,1,0,1,9595,1,1,0,1
modulation_36_ramp_down,vital_1.6_modulation_ramps,False,287,,11,,0,287,287,,,0,287
modulation_36_ramp_up,vital_1.6_modulation_ramps,False,287,,11,,0,287,287,,,0,287
modulation_36_stereo,shared,True,9618,3,371,3,0,3,9595,3,3,0,3
modulation_37_amount,shared,True,9618,377,348,315,35,377,9595,377,315,35,377
modulation_37_bipolar,shared,True,9618,63,348,55,0,63,9595,63,55,0,63
modulation_37_bypass,shared,True,9618,2,348,1,0,2,9595,2,1,0,2
modulation_37_power,shared,True,9618,0,348,0,0,0,9595,0,0,0,0
modulation_37_ramp_down,vital_1.6_modulation_ramps,False,287,,9,,0,287,287,,,0,287
modulation_37_ramp_up,vital_1.6_modulation_ramps,False,287,,9,,0,287,287,,,0,287
modulation_37_stereo,shared,True,9618,9,348,8,0,9,9595,9,8,0,9
modulation_38_amount,shared,True,9618,359,306,279,29,359,9595,359,279,29,359
modulation_38_bipolar,shared,True,9618,46,306,37,0,46,9595,46,37,0,46
modulation_38_bypass,shared,True,9618,2,306,1,0,2,9595,2,1,0,2
modulation_38_power,shared,True,9618,3,306,3,0,3,9595,3,3,0,3
modulation_38_ramp_down,vital_1.6_modulation_ramps,False,287,,7,,0,287,287,,,0,287
modulation_38_ramp_up,vital_1.6_modulation_ramps,False,287,,7,,0,287,287,,,0,287
modulation_38_stereo,shared,True,9618,7,306,6,0,7,9595,7,6,0,7
modulation_39_amount,shared,True,9618,318,294,260,37,318,9595,318,260,37,318
modulation_39_bipolar,shared,True,9618,45,294,39,0,45,9595,45,39,0,45
modulation_39_bypass,shared,True,9618,1,294,1,0,1,9595,1,1,0,1
modulation_39_power,shared,True,9618,1,294,1,0,1,9595,1,1,0,1
modulation_39_ramp_down,vital_1.6_modulation_ramps,False,287,,6,,0,287,287,,,0,287
modulation_39_ramp_up,vital_1.6_modulation_ramps,False,287,,6,,0,287,287,,,0,287
modulation_39_stereo,shared,True,9618,8,294,8,0,8,9595,8,8,0,8
modulation_3_amount,shared,True,9618,7194,7238,6778,505,7194,9595,7177,6761,503,7177
modulation_3_bipolar,shared,True,9618,532,7238,510,0,532,9595,532,510,0,532
modulation_3_bypass,shared,True,9618,60,7238,34,0,60,9595,60,34,0,60
modulation_3_power,shared,True,9618,67,7238,61,6,67,9595,67,61,6,67
modulation_3_ramp_down,vital_1.6_modulation_ramps,False,287,,196,,0,287,287,,,0,287
modulation_3_ramp_up,vital_1.6_modulation_ramps,False,287,,196,,0,287,287,,,0,287
modulation_3_stereo,shared,True,9618,46,7238,43,0,46,9595,46,43,0,46
modulation_40_amount,shared,True,9618,281,259,228,32,281,9595,281,228,32,281
modulation_40_bipolar,shared,True,9618,50,259,42,0,50,9595,50,42,0,50
modulation_40_bypass,shared,True,9618,3,259,2,0,3,9595,3,2,0,3
modulation_40_power,shared,True,9618,1,259,1,0,1,9595,1,1,0,1
modulation_40_ramp_down,vital_1.6_modulation_ramps,False,287,,6,,0,287,287,,,0,287
modulation_40_ramp_up,vital_1.6_modulation_ramps,False,287,,6,,0,287,287,,,0,287
modulation_40_stereo,shared,True,9618,3,259,2,0,3,9595,3,2,0,3
modulation_41_amount,shared,True,9618,275,242,221,21,275,9595,275,221,21,275
modulation_41_bipolar,shared,True,9618,55,242,48,0,55,9595,55,48,0,55
modulation_41_bypass,shared,True,9618,1,242,1,0,1,9595,1,1,0,1
modulation_41_power,shared,True,9618,2,242,2,0,2,9595,2,2,0,2
modulation_41_ramp_down,vital_1.6_modulation_ramps,False,287,,5,,0,287,287,,,0,287
modulation_41_ramp_up,vital_1.6_modulation_ramps,False,287,,5,,0,287,287,,,0,287
modulation_41_stereo,shared,True,9618,5,242,5,0,5,9595,5,5,0,5
modulation_42_amount,shared,True,9618,242,221,196,25,242,9595,242,196,25,242
modulation_42_bipolar,shared,True,9618,45,221,32,0,45,9595,45,32,0,45
modulation_42_bypass,shared,True,9618,0,221,0,0,0,9595,0,0,0,0
modulation_42_power,shared,True,9618,0,221,0,0,0,9595,0,0,0,0
modulation_42_ramp_down,vital_1.6_modulation_ramps,False,287,,6,,0,287,287,,,0,287
modulation_42_ramp_up,vital_1.6_modulation_ramps,False,287,,6,,0,287,287,,,0,287
modulation_42_stereo,shared,True,9618,6,221,6,0,6,9595,6,6,0,6
modulation_43_amount,shared,True,9618,223,190,168,22,223,9595,223,168,22,223
modulation_43_bipolar,shared,True,9618,32,190,30,0,32,9595,32,30,0,32
modulation_43_bypass,shared,True,9618,2,190,2,0,2,9595,2,2,0,2
modulation_43_power,shared,True,9618,0,190,0,0,0,9595,0,0,0,0
modulation_43_ramp_down,vital_1.6_modulation_ramps,False,287,,4,,0,287,287,,,0,287
modulation_43_ramp_up,vital_1.6_modulation_ramps,False,287,,4,,0,287,287,,,0,287
modulation_43_stereo,shared,True,9618,2,190,2,0,2,9595,2,2,0,2
modulation_44_amount,shared,True,9618,222,188,175,13,222,9595,222,175,13,222
modulation_44_bipolar,shared,True,9618,35,188,31,0,35,9595,35,31,0,35
modulation_44_bypass,shared,True,9618,0,188,0,0,0,9595,0,0,0,0
modulation_44_power,shared,True,9618,1,188,1,0,1,9595,1,1,0,1
modulation_44_ramp_down,vital_1.6_modulation_ramps,False,287,,5,,0,287,287,,,0,287
modulation_44_ramp_up,vital_1.6_modulation_ramps,False,287,,5,,0,287,287,,,0,287
modulation_44_stereo,shared,True,9618,2,188,2,0,2,9595,2,2,0,2
modulation_45_amount,shared,True,9618,194,157,139,18,194,9595,194,139,18,194
modulation_45_bipolar,shared,True,9618,37,157,25,0,37,9595,37,25,0,37
modulation_45_bypass,shared,True,9618,0,157,0,0,0,9595,0,0,0,0
modulation_45_power,shared,True,9618,0,157,0,0,0,9595,0,0,0,0
modulation_45_ramp_down,vital_1.6_modulation_ramps,False,287,,3,,0,287,287,,,0,287
modulation_45_ramp_up,vital_1.6_modulation_ramps,False,287,,3,,0,287,287,,,0,287
modulation_45_stereo,shared,True,9618,3,157,3,0,3,9595,3,3,0,3
modulation_46_amount,shared,True,9618,182,145,132,13,182,9595,182,132,13,182
modulation_46_bipolar,shared,True,9618,40,145,30,0,40,9595,40,30,0,40
modulation_46_bypass,shared,True,9618,1,145,1,0,1,9595,1,1,0,1
modulation_46_power,shared,True,9618,0,145,0,0,0,9595,0,0,0,0
modulation_46_ramp_down,vital_1.6_modulation_ramps,False,287,,2,,0,287,287,,,0,287
modulation_46_ramp_up,vital_1.6_modulation_ramps,False,287,,2,,0,287,287,,,0,287
modulation_46_stereo,shared,True,9618,4,145,1,0,4,9595,4,1,0,4
modulation_47_amount,shared,True,9618,163,135,117,17,163,9595,163,117,17,163
modulation_47_bipolar,shared,True,9618,22,135,16,0,22,9595,22,16,0,22
modulation_47_bypass,shared,True,9618,2,135,1,0,2,9595,2,1,0,2
modulation_47_power,shared,True,9618,0,135,0,0,0,9595,0,0,0,0
modulation_47_ramp_down,vital_1.6_modulation_ramps,False,287,,3,,0,287,287,,,0,287
modulation_47_ramp_up,vital_1.6_modulation_ramps,False,287,,3,,0,287,287,,,0,287
modulation_47_stereo,shared,True,9618,4,135,3,0,4,9595,4,3,0,4
modulation_48_amount,shared,True,9618,158,130,119,12,158,9595,158,119,12,158
modulation_48_bipolar,shared,True,9618,40,130,31,0,40,9595,40,31,0,40
modulation_48_bypass,shared,True,9618,0,130,0,0,0,9595,0,0,0,0
modulation_48_power,shared,True,9618,0,130,0,0,0,9595,0,0,0,0
modulation_48_ramp_down,vital_1.6_modulation_ramps,False,287,,2,,0,287,287,,,0,287
modulation_48_ramp_up,vital_1.6_modulation_ramps,False,287,,2,,0,287,287,,,0,287
modulation_48_stereo,shared,True,9618,4,130,3,0,4,9595,4,3,0,4
modulation_49_amount,shared,True,9618,133,114,100,14,133,9595,133,100,14,133
modulation_49_bipolar,shared,True,9618,29,114,23,0,29,9595,29,23,0,29
modulation_49_bypass,shared,True,9618,0,114,0,0,0,9595,0,0,0,0
modulation_49_power,shared,True,9618,0,114,0,0,0,9595,0,0,0,0
modulation_49_ramp_down,vital_1.6_modulation_ramps,False,287,,3,,0,287,287,,,0,287
modulation_49_ramp_up,vital_1.6_modulation_ramps,False,287,,3,,0,287,287,,,0,287
modulation_49_stereo,shared,True,9618,0,114,0,0,0,9595,0,0,0,0
modulation_4_amount,shared,True,9618,6517,6475,6101,384,6517,9595,6502,6086,383,6502
modulation_4_bipolar,shared,True,9618,476,6475,454,0,476,9595,476,454,0,476
modulation_4_bypass,shared,True,9618,45,6475,23,0,45,9595,45,23,0,45
modulation_4_power,shared,True,9618,57,6475,50,9,57,9595,57,50,9,57
modulation_4_ramp_down,vital_1.6_modulation_ramps,False,287,,172,,0,287,287,,,0,287
modulation_4_ramp_up,vital_1.6_modulation_ramps,False,287,,172,,0,287,287,,,0,287
modulation_4_stereo,shared,True,9618,46,6475,41,0,46,9595,46,41,0,46
modulation_50_amount,shared,True,9618,126,102,91,11,126,9595,126,91,11,126
modulation_50_bipolar,shared,True,9618,22,102,17,0,22,9595,22,17,0,22
modulation_50_bypass,shared,True,9618,0,102,0,0,0,9595,0,0,0,0
modulation_50_power,shared,True,9618,0,102,0,0,0,9595,0,0,0,0
modulation_50_ramp_down,vital_1.6_modulation_ramps,False,287,,1,,0,287,287,,,0,287
modulation_50_ramp_up,vital_1.6_modulation_ramps,False,287,,1,,0,287,287,,,0,287
modulation_50_stereo,shared,True,9618,1,102,1,0,1,9595,1,1,0,1
modulation_51_amount,shared,True,9618,112,91,84,7,112,9595,112,84,7,112
modulation_51_bipolar,shared,True,9618,25,91,19,0,25,9595,25,19,0,25
modulation_51_bypass,shared,True,9618,1,91,1,0,1,9595,1,1,0,1
modulation_51_power,shared,True,9618,1,91,1,0,1,9595,1,1,0,1
modulation_51_ramp_down,vital_1.6_modulation_ramps,False,287,,1,,0,287,287,,,0,287
modulation_51_ramp_up,vital_1.6_modulation_ramps,False,287,,1,,0,287,287,,,0,287
modulation_51_stereo,shared,True,9618,1,91,0,0,1,9595,1,0,0,1
modulation_52_amount,shared,True,9618,97,77,68,9,97,9595,97,68,9,97
modulation_52_bipolar,shared,True,9618,23,77,16,0,23,9595,23,16,0,23
modulation_52_bypass,shared,True,9618,1,77,1,0,1,9595,1,1,0,1
modulation_52_power,shared,True,9618,0,77,0,0,0,9595,0,0,0,0
modulation_52_ramp_down,vital_1.6_modulation_ramps,False,287,,1,,0,287,287,,,0,287
modulation_52_ramp_up,vital_1.6_modulation_ramps,False,287,,1,,0,287,287,,,0,287
modulation_52_stereo,shared,True,9618,0,77,0,0,0,9595,0,0,0,0
modulation_53_amount,shared,True,9618,94,74,71,5,94,9595,94,71,5,94
modulation_53_bipolar,shared,True,9618,23,74,19,0,23,9595,23,19,0,23
modulation_53_bypass,shared,True,9618,2,74,2,0,2,9595,2,2,0,2
modulation_53_power,shared,True,9618,0,74,0,0,0,9595,0,0,0,0
modulation_53_ramp_down,vital_1.6_modulation_ramps,False,287,,1,,0,287,287,,,0,287
modulation_53_ramp_up,vital_1.6_modulation_ramps,False,287,,1,,0,287,287,,,0,287
modulation_53_stereo,shared,True,9618,0,74,0,0,0,9595,0,0,0,0
modulation_54_amount,shared,True,9618,76,59,52,8,76,9595,76,52,8,76
modulation_54_bipolar,shared,True,9618,13,59,10,0,13,9595,13,10,0,13
modulation_54_bypass,shared,True,9618,1,59,1,0,1,9595,1,1,0,1
modulation_54_power,shared,True,9618,0,59,0,0,0,9595,0,0,0,0
modulation_54_ramp_down,vital_1.6_modulation_ramps,False,287,,1,,0,287,287,,,0,287
modulation_54_ramp_up,vital_1.6_modulation_ramps,False,287,,1,,0,287,287,,,0,287
modulation_54_stereo,shared,True,9618,0,59,0,0,0,9595,0,0,0,0
modulation_55_amount,shared,True,9618,68,49,45,4,68,9595,68,45,4,68
modulation_55_bipolar,shared,True,9618,5,49,2,0,5,9595,5,2,0,5
modulation_55_bypass,shared,True,9618,0,49,0,0,0,9595,0,0,0,0
modulation_55_power,shared,True,9618,0,49,0,0,0,9595,0,0,0,0
modulation_55_ramp_down,vital_1.6_modulation_ramps,False,287,,2,,0,287,287,,,0,287
modulation_55_ramp_up,vital_1.6_modulation_ramps,False,287,,2,,0,287,287,,,0,287
modulation_55_stereo,shared,True,9618,0,49,0,0,0,9595,0,0,0,0
modulation_56_amount,shared,True,9618,62,44,42,2,62,9595,62,42,2,62
modulation_56_bipolar,shared,True,9618,8,44,5,0,8,9595,8,5,0,8
modulation_56_bypass,shared,True,9618,0,44,0,0,0,9595,0,0,0,0
modulation_56_power,shared,True,9618,0,44,0,0,0,9595,0,0,0,0
modulation_56_ramp_down,vital_1.6_modulation_ramps,False,287,,1,,0,287,287,,,0,287
modulation_56_ramp_up,vital_1.6_modulation_ramps,False,287,,1,,0,287,287,,,0,287
modulation_56_stereo,shared,True,9618,1,44,1,0,1,9595,1,1,0,1
modulation_57_amount,shared,True,9618,55,45,40,5,55,9595,55,40,5,55
modulation_57_bipolar,shared,True,9618,8,45,5,0,8,9595,8,5,0,8
modulation_57_bypass,shared,True,9618,0,45,0,0,0,9595,0,0,0,0
modulation_57_power,shared,True,9618,0,45,0,0,0,9595,0,0,0,0
modulation_57_ramp_down,vital_1.6_modulation_ramps,False,287,,1,,0,287,287,,,0,287
modulation_57_ramp_up,vital_1.6_modulation_ramps,False,287,,1,,0,287,287,,,0,287
modulation_57_stereo,shared,True,9618,0,45,0,0,0,9595,0,0,0,0
modulation_58_amount,shared,True,9618,50,37,31,7,50,9595,50,31,7,50
modulation_58_bipolar,shared,True,9618,5,37,3,0,5,9595,5,3,0,5
modulation_58_bypass,shared,True,9618,0,37,0,0,0,9595,0,0,0,0
modulation_58_power,shared,True,9618,0,37,0,0,0,9595,0,0,0,0
modulation_58_ramp_down,vital_1.6_modulation_ramps,False,287,,1,,0,287,287,,,0,287
modulation_58_ramp_up,vital_1.6_modulation_ramps,False,287,,1,,0,287,287,,,0,287
modulation_58_stereo,shared,True,9618,1,37,0,0,1,9595,1,0,0,1
modulation_59_amount,shared,True,9618,49,29,26,3,49,9595,49,26,3,49
modulation_59_bipolar,shared,True,9618,23,29,13,0,23,9595,23,13,0,23
modulation_59_bypass,shared,True,9618,0,29,0,0,0,9595,0,0,0,0
modulation_59_power,shared,True,9618,0,29,0,0,0,9595,0,0,0,0
modulation_59_ramp_down,vital_1.6_modulation_ramps,False,287,,1,,0,287,287,,,0,287
modulation_59_ramp_up,vital_1.6_modulation_ramps,False,287,,1,,0,287,287,,,0,287
modulation_59_stereo,shared,True,9618,0,29,0,0,0,9595,0,0,0,0
modulation_5_amount,shared,True,9618,5763,5751,5379,385,5763,9595,5748,5364,384,5748
modulation_5_bipolar,shared,True,9618,526,5751,496,0,526,9595,526,496,0,526
modulation_5_bypass,shared,True,9618,60,5751,30,0,60,9595,60,30,0,60
modulation_5_power,shared,True,9618,45,5751,41,3,45,9595,45,41,3,45
modulation_5_ramp_down,vital_1.6_modulation_ramps,False,287,,154,,0,287,287,,,0,287
modulation_5_ramp_up,vital_1.6_modulation_ramps,False,287,,154,,0,287,287,,,0,287
modulation_5_stereo,shared,True,9618,57,5751,54,0,57,9595,57,54,0,57
modulation_60_amount,shared,True,9618,39,29,27,2,39,9595,39,27,2,39
modulation_60_bipolar,shared,True,9618,3,29,3,0,3,9595,3,3,0,3
modulation_60_bypass,shared,True,9618,0,29,0,0,0,9595,0,0,0,0
modulation_60_power,shared,True,9618,0,29,0,0,0,9595,0,0,0,0
modulation_60_ramp_down,vital_1.6_modulation_ramps,False,287,,1,,0,287,287,,,0,287
modulation_60_ramp_up,vital_1.6_modulation_ramps,False,287,,1,,0,287,287,,,0,287
modulation_60_stereo,shared,True,9618,0,29,0,0,0,9595,0,0,0,0
modulation_61_amount,shared,True,9618,35,19,18,1,35,9595,35,18,1,35
modulation_61_bipolar,shared,True,9618,6,19,2,0,6,9595,6,2,0,6
modulation_61_bypass,shared,True,9618,0,19,0,0,0,9595,0,0,0,0
modulation_61_power,shared,True,9618,0,19,0,0,0,9595,0,0,0,0
modulation_61_ramp_down,vital_1.6_modulation_ramps,False,287,,0,,0,287,287,,,0,287
modulation_61_ramp_up,vital_1.6_modulation_ramps,False,287,,0,,0,287,287,,,0,287
modulation_61_stereo,shared,True,9618,0,19,0,0,0,9595,0,0,0,0
modulation_62_amount,shared,True,9618,30,18,15,3,30,9595,30,15,3,30
modulation_62_bipolar,shared,True,9618,3,18,2,0,3,9595,3,2,0,3
modulation_62_bypass,shared,True,9618,0,18,0,0,0,9595,0,0,0,0
modulation_62_power,shared,True,9618,0,18,0,0,0,9595,0,0,0,0
modulation_62_ramp_down,vital_1.6_modulation_ramps,False,287,,0,,0,287,287,,,0,287
modulation_62_ramp_up,vital_1.6_modulation_ramps,False,287,,0,,0,287,287,,,0,287
modulation_62_stereo,shared,True,9618,0,18,0,0,0,9595,0,0,0,0
modulation_63_amount,shared,True,9618,28,16,15,0,28,9595,28,15,0,28
modulation_63_bipolar,shared,True,9618,10,16,3,0,10,9595,10,3,0,10
modulation_63_bypass,shared,True,9618,0,16,0,0,0,9595,0,0,0,0
modulation_63_power,shared,True,9618,0,16,0,0,0,9595,0,0,0,0
modulation_63_ramp_down,vital_1.6_modulation_ramps,False,287,,0,,0,287,287,,,0,287
modulation_63_ramp_up,vital_1.6_modulation_ramps,False,287,,0,,0,287,287,,,0,287
modulation_63_stereo,shared,True,9618,0,16,0,0,0,9595,0,0,0,0
modulation_64_amount,shared,True,9618,26,15,14,1,26,9595,26,14,1,26
modulation_64_bipolar,shared,True,9618,3,15,3,0,3,9595,3,3,0,3
modulation_64_bypass,shared,True,9618,1,15,0,0,1,9595,1,0,0,1
modulation_64_power,shared,True,9618,0,15,0,0,0,9595,0,0,0,0
modulation_64_ramp_down,vital_1.6_modulation_ramps,False,287,,1,,0,287,287,,,0,287
modulation_64_ramp_up,vital_1.6_modulation_ramps,False,287,,1,,0,287,287,,,0,287
modulation_64_stereo,shared,True,9618,0,15,0,0,0,9595,0,0,0,0
modulation_6_amount,shared,True,9618,5164,5156,4817,348,5164,9595,5150,4807,347,5150
modulation_6_bipolar,shared,True,9618,455,5156,433,0,455,9595,455,433,0,455
modulation_6_bypass,shared,True,9618,48,5156,23,0,48,9595,48,23,0,48
modulation_6_power,shared,True,9618,47,5156,41,2,47,9595,47,41,2,47
modulation_6_ramp_down,vital_1.6_modulation_ramps,False,287,,141,,0,287,287,,,0,287
modulation_6_ramp_up,vital_1.6_modulation_ramps,False,287,,141,,0,287,287,,,0,287
modulation_6_stereo,shared,True,9618,53,5156,46,0,53,9595,53,46,0,53
modulation_7_amount,shared,True,9618,4676,4659,4373,284,4676,9595,4670,4367,282,4670
modulation_7_bipolar,shared,True,9618,396,4659,382,0,396,9595,396,382,0,396
modulation_7_bypass,shared,True,9618,42,4659,24,0,42,9595,42,24,0,42
modulation_7_power,shared,True,9618,40,4659,34,5,40,9595,40,34,5,40
modulation_7_ramp_down,vital_1.6_modulation_ramps,False,287,,131,,0,287,287,,,0,287
modulation_7_ramp_up,vital_1.6_modulation_ramps,False,287,,131,,0,287,287,,,0,287
modulation_7_stereo,shared,True,9618,26,4659,26,0,26,9595,26,26,0,26
modulation_8_amount,shared,True,9618,4214,4162,3906,260,4214,9595,4207,3901,260,4207
modulation_8_bipolar,shared,True,9618,361,4162,343,0,361,9595,359,341,0,359
modulation_8_bypass,shared,True,9618,26,4162,11,0,26,9595,26,11,0,26
modulation_8_power,shared,True,9618,37,4162,32,2,37,9595,37,32,2,37
modulation_8_ramp_down,vital_1.6_modulation_ramps,False,287,,115,,0,287,287,,,0,287
modulation_8_ramp_up,vital_1.6_modulation_ramps,False,287,,115,,0,287,287,,,0,287
modulation_8_stereo,shared,True,9618,32,4162,31,0,32,9595,32,31,0,32
modulation_9_amount,shared,True,9618,3764,3742,3495,244,3764,9595,3760,3491,242,3760
modulation_9_bipolar,shared,True,9618,344,3742,330,0,344,9595,342,328,0,342
modulation_9_bypass,shared,True,9618,21,3742,7,0,21,9595,21,7,0,21
modulation_9_power,shared,True,9618,21,3742,18,1,21,9595,21,18,1,21
modulation_9_ramp_down,vital_1.6_modulation_ramps,False,287,,110,,0,287,287,,,0,287
modulation_9_ramp_up,vital_1.6_modulation_ramps,False,287,,110,,0,287,287,,,0,287
modulation_9_stereo,shared,True,9618,37,3742,35,0,37,9595,37,35,0,37
mpe_enabled,shared,True,9618,44,9618,44,0,44,9595,44,44,0,44
osc_1_destination,shared,True,9618,2073,9223,1923,0,2073,9595,2069,1919,0,2069
osc_1_detune_power,shared,True,9618,1062,9223,1047,72,9581,9595,1062,1047,72,9558
osc_1_detune_range,shared,True,9618,422,9223,410,53,9544,9595,421,409,53,9521
osc_1_distortion_amount,shared,True,9618,3862,9223,3788,2056,8725,9595,3855,3781,2052,8703
osc_1_distortion_phase,shared,True,9618,475,9223,462,178,9554,9595,475,462,178,9531
osc_1_distortion_spread,shared,True,9618,428,9223,421,128,428,9595,428,421,128,428
osc_1_distortion_type,shared,True,9618,3906,9223,3840,0,3906,9595,3899,3833,0,3899
osc_1_frame_spread,shared,True,9618,507,9223,498,113,507,9595,507,498,113,507
osc_1_level,shared,True,9618,5327,9223,5163,2714,7927,9595,5315,5151,2707,7909
osc_1_midi_track,shared,True,9618,125,9223,118,0,9493,9595,125,118,0,9470
osc_1_on,shared,True,9618,395,9618,395,0,9223,9595,395,395,0,9200
osc_1_pan,shared,True,9618,433,9223,425,339,433,9595,432,424,339,432
osc_1_phase,shared,True,9618,1754,9223,1720,174,8482,9595,1746,1712,173,8466
osc_1_random_phase,shared,True,9618,2957,9223,2901,46,7079,9595,2946,2890,46,7066
osc_1_smooth_interpolation,shared,True,9618,604,9223,593,0,604,9595,602,591,0,602
osc_1_spectral_morph_amount,shared,True,9618,3502,9223,3413,1563,8948,9595,3497,3408,1562,8927
osc_1_spectral_morph_phase,vital_1.5_spectral_morph_phase,False,7517,,7215,,84,7484,7503,,,84,7470
osc_1_spectral_morph_spread,shared,True,9618,451,9223,443,147,451,9595,450,442,147,450
osc_1_spectral_morph_type,shared,True,9618,3233,9223,3168,0,3233,9595,3231,3166,0,3231
osc_1_spectral_unison,shared,True,9618,20,9223,16,0,9609,9595,20,16,0,9586
osc_1_stack_style,shared,True,9618,486,9223,478,0,486,9595,485,477,0,485
osc_1_stereo_spread,shared,True,9618,522,9223,513,51,9467,9595,521,512,51,9444
osc_1_transpose,shared,True,9618,4647,9223,4558,1338,4647,9595,4634,4545,1335,4634
osc_1_transpose_quantize,shared,True,9618,252,9223,244,0,252,9595,252,244,0,252
osc_1_tune,shared,True,9618,676,9223,663,1057,676,9595,674,661,1055,674
osc_1_unison_blend,shared,True,9618,701,9223,690,74,9567,9595,701,690,74,9544
osc_1_unison_detune,shared,True,9618,5678,9223,5578,513,8583,9595,5664,5564,513,8563
osc_1_unison_voices,shared,True,9618,5012,9223,4926,228,9618,9595,5003,4917,226,9595
osc_1_view_2d,shared,True,9618,822,9223,802,0,8913,9595,822,802,0,8890
osc_1_wave_frame,shared,True,9618,3998,9223,3891,2287,3998,9595,3992,3885,2286,3992
osc_2_destination,shared,True,9618,4916,7721,4349,0,7407,9595,4901,4334,0,7393
osc_2_detune_power,shared,True,9618,743,7721,704,25,9598,9595,742,703,25,9575
osc_2_detune_range,shared,True,9618,253,7721,241,28,9577,9595,253,241,28,9554
osc_2_distortion_amount,shared,True,9618,2786,7721,2666,1248,9025,9595,2783,2663,1245,9002
osc_2_distortion_phase,shared,True,9618,391,7721,373,142,9564,9595,391,373,142,9541
osc_2_distortion_spread,shared,True,9618,244,7721,233,59,244,9595,244,233,59,244
osc_2_distortion_type,shared,True,9618,2716,7721,2610,0,2716,9595,2712,2606,0,2712
osc_2_frame_spread,shared,True,9618,302,7721,285,60,302,9595,302,285,60,302
osc_2_level,shared,True,9618,6287,7721,5863,2393,7358,9595,6272,5849,2388,7339
osc_2_midi_track,shared,True,9618,88,7721,75,0,9530,9595,88,75,0,9507
osc_2_on,shared,True,9618,7721,9618,7721,0,7721,9595,7702,7702,0,7702
osc_2_pan,shared,True,9618,471,7721,454,281,471,9595,469,452,280,469
osc_2_phase,shared,True,9618,1578,7721,1495,147,8650,9595,1574,1491,146,8630
osc_2_random_phase,shared,True,9618,2503,7721,2368,36,7474,9595,2497,2362,36,7456
osc_2_smooth_interpolation,shared,True,9618,414,7721,401,0,414,9595,413,400,0,413
osc_2_spectral_morph_amount,shared,True,9618,2837,7721,2696,1162,9094,9595,2832,2691,1160,9072
osc_2_spectral_morph_phase,vital_1.5_spectral_morph_phase,False,7517,,6033,,42,7513,7503,,,42,7499
osc_2_spectral_morph_spread,shared,True,9618,266,7721,256,64,266,9595,266,256,64,266
osc_2_spectral_morph_type,shared,True,9618,2526,7721,2412,0,2526,9595,2522,2408,0,2522
osc_2_spectral_unison,shared,True,9618,18,7721,14,0,9608,9595,18,14,0,9585
osc_2_stack_style,shared,True,9618,341,7721,331,0,341,9595,340,330,0,340
osc_2_stereo_spread,shared,True,9618,336,7721,308,30,9507,9595,335,307,30,9485
osc_2_transpose,shared,True,9618,4874,7721,4587,857,4874,9595,4862,4577,856,4862
osc_2_transpose_quantize,shared,True,9618,187,7721,169,0,187,9595,187,169,0,187
osc_2_tune,shared,True,9618,794,7721,764,751,794,9595,791,761,751,791
osc_2_unison_blend,shared,True,9618,446,7721,420,31,9578,9595,446,420,31,9555
osc_2_unison_detune,shared,True,9618,4516,7721,4310,359,8794,9595,4504,4298,359,8774
osc_2_unison_voices,shared,True,9618,4060,7721,3886,184,9618,9595,4052,3878,182,9595
osc_2_view_2d,shared,True,9618,507,7721,462,0,9167,9595,507,462,0,9144
osc_2_wave_frame,shared,True,9618,3543,7721,3333,1522,3543,9595,3539,3330,1521,3539
osc_3_destination,shared,True,9618,3564,5162,3259,0,7770,9595,3556,3252,0,7752
osc_3_detune_power,shared,True,9618,439,5162,402,21,9603,9595,439,402,21,9580
osc_3_detune_range,shared,True,9618,144,5162,128,19,9585,9595,144,128,19,9562
osc_3_distortion_amount,shared,True,9618,1653,5162,1517,720,9279,9595,1653,1517,719,9256
osc_3_distortion_phase,shared,True,9618,244,5162,213,101,9583,9595,244,213,101,9560
osc_3_distortion_spread,shared,True,9618,157,5162,152,29,157,9595,157,152,29,157
osc_3_distortion_type,shared,True,9618,1659,5162,1544,0,1659,9595,1658,1543,0,1658
osc_3_frame_spread,shared,True,9618,180,5162,174,31,180,9595,180,174,31,180
osc_3_level,shared,True,9618,4618,5162,4116,1937,8107,9595,4610,4109,1934,8086
osc_3_midi_track,shared,True,9618,76,5162,58,0,9542,9595,76,58,0,9519
osc_3_on,shared,True,9618,5162,9618,5162,0,5162,9595,5153,5153,0,5153
osc_3_pan,shared,True,9618,298,5162,273,189,298,9595,297,272,188,297
osc_3_phase,shared,True,9618,1041,5162,969,93,8987,9595,1038,967,93,8967
osc_3_random_phase,shared,True,9618,1694,5162,1540,26,8138,9595,1691,1538,26,8118
osc_3_smooth_interpolation,shared,True,9618,309,5162,292,0,309,9595,308,291,0,308
osc_3_spectral_morph_amount,shared,True,9618,1865,5162,1715,724,9294,9595,1863,1713,723,9271
osc_3_spectral_morph_phase,vital_1.5_spectral_morph_phase,False,7517,,4079,,63,7511,7503,,,63,7497
osc_3_spectral_morph_spread,shared,True,9618,176,5162,170,43,176,9595,176,170,43,176
osc_3_spectral_morph_type,shared,True,9618,1682,5162,1577,0,1682,9595,1681,1576,0,1681
osc_3_spectral_unison,shared,True,9618,16,5162,12,0,9607,9595,16,12,0,9584
osc_3_stack_style,shared,True,9618,247,5162,237,0,247,9595,246,236,0,246
osc_3_stereo_spread,shared,True,9618,189,5162,174,26,9556,9595,189,174,26,9533
osc_3_transpose,shared,True,9618,3508,5162,3190,568,3508,9595,3502,3185,567,3502
osc_3_transpose_quantize,shared,True,9618,146,5162,142,0,146,9595,146,142,0,146
osc_3_tune,shared,True,9618,398,5162,368,434,398,9595,396,366,434,396
osc_3_unison_blend,shared,True,9618,291,5162,281,27,9594,9595,291,281,27,9571
osc_3_unison_detune,shared,True,9618,2902,5162,2697,234,9019,9595,2895,2691,234,8998
osc_3_unison_voices,shared,True,9618,2579,5162,2428,113,9618,9595,2575,2424,111,9595
osc_3_view_2d,shared,True,9618,288,5162,245,0,9366,9595,288,245,0,9343
osc_3_wave_frame,shared,True,9618,2473,5162,2215,929,2473,9595,2471,2214,929,2471
oversampling,shared,True,9618,387,9618,387,0,9490,9595,385,385,0,9468
phaser_blend,shared,True,9618,678,1458,456,155,9411,9595,676,455,155,9388
phaser_center,shared,True,9618,1357,1458,913,416,9618,9595,1354,911,416,9595
phaser_dry_wet,shared,True,9618,1741,1458,1194,500,9217,9595,1738,1193,500,9194
phaser_feedback,shared,True,9618,1567,1458,994,93,9407,9595,1562,990,93,9386
phaser_frequency,shared,True,9618,147,1458,105,5,9618,9595,146,104,5,9595
phaser_mod_depth,shared,True,9618,1314,1458,905,93,9322,9595,1311,903,93,9301
phaser_on,shared,True,9618,1458,9618,1458,0,1458,9595,1454,1454,0,1454
phaser_phase_offset,shared,True,9618,1167,1458,771,144,9290,9595,1165,770,144,9267
phaser_sync,shared,True,9618,151,1458,97,0,9510,9595,150,96,0,9488
phaser_tempo,shared,True,9618,1172,1458,751,10,9046,9595,1170,750,10,9023
pitch_bend_range,shared,True,9618,757,9618,757,4,9528,9595,756,756,4,9505
pitch_wheel,shared,True,9618,94,9618,94,0,94,9595,94,94,0,94
polyphony,shared,True,9618,3611,9618,3611,23,9618,9595,3603,3603,23,9595
portamento_force,shared,True,9618,1072,9618,1072,0,1072,9595,1072,1072,0,1072
portamento_scale,shared,True,9618,180,9618,180,0,180,9595,180,180,0,180
portamento_slope,shared,True,9618,916,9618,916,15,916,9595,916,916,15,916
portamento_time,shared,True,9618,2811,9618,2811,165,9617,9595,2807,2807,164,9594
random_1_frequency,shared,True,9618,475,1756,371,45,9616,9595,474,371,45,9593
random_1_keytrack_transpose,shared,True,9618,14,1756,8,0,9614,9595,14,8,0,9591
random_1_keytrack_tune,shared,True,9618,6,1756,6,0,6,9595,6,6,0,6
random_1_stereo,shared,True,9618,474,1756,350,0,474,9595,474,350,0,474
random_1_style,shared,True,9618,768,1756,501,0,768,9595,766,500,0,766
random_1_sync,shared,True,9618,548,1756,410,0,9135,9595,547,410,0,9113
random_1_sync_type,shared,True,9618,599,1756,437,0,599,9595,598,437,0,598
random_1_tempo,shared,True,9618,1183,1756,840,38,9467,9595,1181,839,38,9445
random_2_frequency,shared,True,9618,264,757,218,36,9618,9595,264,218,36,9595
random_2_keytrack_transpose,shared,True,9618,1,757,1,0,9617,9595,1,1,0,9594
random_2_keytrack_tune,shared,True,9618,0,757,0,0,0,9595,0,0,0,0
random_2_stereo,shared,True,9618,161,757,137,0,161,9595,161,137,0,161
random_2_style,shared,True,9618,354,757,245,0,354,9595,353,245,0,353
random_2_sync,shared,True,9618,296,757,244,0,9345,9595,295,244,0,9323
random_2_sync_type,shared,True,9618,220,757,171,0,220,9595,220,171,0,220
random_2_tempo,shared,True,9618,485,757,345,13,9551,9595,485,345,13,9528
random_3_frequency,shared,True,9618,99,309,87,16,9616,9595,98,86,16,9593
random_3_keytrack_transpose,shared,True,9618,1,309,0,0,9618,9595,1,0,0,9595
random_3_keytrack_tune,shared,True,9618,0,309,0,0,0,9595,0,0,0,0
random_3_stereo,shared,True,9618,58,309,50,0,58,9595,58,50,0,58
random_3_style,shared,True,9618,131,309,90,0,131,9595,130,89,0,130
random_3_sync,shared,True,9618,113,309,92,0,9521,9595,112,91,0,9499
random_3_sync_type,shared,True,9618,86,309,72,0,86,9595,86,72,0,86
random_3_tempo,shared,True,9618,208,309,151,7,9587,9595,207,150,7,9564
random_4_frequency,shared,True,9618,50,139,34,9,9618,9595,50,34,9,9595
random_4_keytrack_transpose,shared,True,9618,0,139,0,0,9618,9595,0,0,0,9595
random_4_keytrack_tune,shared,True,9618,0,139,0,0,0,9595,0,0,0,0
random_4_stereo,shared,True,9618,29,139,28,0,29,9595,29,28,0,29
random_4_style,shared,True,9618,68,139,39,0,68,9595,67,39,0,67
random_4_sync,shared,True,9618,62,139,40,0,9566,9595,61,40,0,9544
random_4_sync_type,shared,True,9618,39,139,32,0,39,9595,39,32,0,39
random_4_tempo,shared,True,9618,93,139,66,4,9602,9595,93,66,4,9579
reverb_chorus_amount,shared,True,9618,1895,6532,1728,77,9285,9595,1891,1724,77,9263
reverb_chorus_frequency,shared,True,9618,1615,6532,1494,49,9615,9595,1611,1490,49,9592
reverb_decay_time,shared,True,9618,5144,6532,4782,485,5144,9595,5132,4770,485,5132
reverb_delay,shared,True,9618,1602,6532,1498,66,1602,9595,1601,1497,66,1601
reverb_dry_wet,shared,True,9618,5997,6532,5526,2055,8643,9595,5981,5510,2046,8626
reverb_high_shelf_cutoff,shared,True,9618,3260,6532,2993,36,9601,9595,3252,2985,36,9578
reverb_high_shelf_gain,shared,True,9618,3266,6532,3000,70,8996,9595,3258,2992,70,8973
reverb_low_shelf_cutoff,shared,True,9618,3689,6532,3414,42,3689,9595,3683,3408,42,3683
reverb_low_shelf_gain,shared,True,9618,3663,6532,3401,15,3663,9595,3656,3394,15,3656
reverb_on,shared,True,9618,6532,9618,6532,0,6532,9595,6516,6516,0,6516
reverb_pre_high_cutoff,shared,True,9618,1523,6532,1379,24,9587,9595,1519,1375,24,9564
reverb_pre_low_cutoff,shared,True,9618,2510,6532,2337,35,2510,9595,2504,2331,35,2504
reverb_size,shared,True,9618,3837,6532,3561,174,9425,9595,3828,3552,174,9402
sample_bounce,shared,True,9618,306,3405,219,0,306,9595,305,218,0,305
sample_destination,shared,True,9618,2515,3405,1956,0,8372,9595,2509,1953,0,8352
sample_keytrack,shared,True,9618,1339,3405,1029,0,1339,9595,1335,1028,0,1335
sample_level,shared,True,9618,4287,3405,3213,1798,7796,9595,4279,3208,1795,7776
sample_loop,shared,True,9618,675,3405,486,0,8943,9595,674,485,0,8921
sample_on,shared,True,9618,3405,9618,3405,0,3405,9595,3400,3400,0,3400
sample_pan,shared,True,9618,128,3405,83,198,128,9595,128,83,198,128
sample_random_phase,shared,True,9618,504,3405,426,0,504,9595,503,425,0,503
sample_transpose,shared,True,9618,1178,3405,889,191,1178,9595,1175,887,191,1175
sample_transpose_quantize,shared,True,9618,48,3405,38,0,48,9595,48,38,0,48
sample_tune,shared,True,9618,121,3405,104,67,121,9595,120,104,67,120
stereo_mode,shared,True,9618,37,9618,37,0,37,9595,37,37,0,37
stereo_routing,shared,True,9618,829,9618,829,116,9473,9595,824,824,116,9450
velocity_track,shared,True,9618,624,9618,624,9,624,9595,622,622,9,622
view_spectrogram,shared,True,9618,697,9618,697,0,697,9595,695,695,0,695
voice_amplitude,shared,True,9618,0,9618,0,24,9618,9595,0,0,24,9595
voice_override,shared,True,9618,61,9618,61,0,61,9595,61,61,0,61
voice_priority,shared,True,9618,83,9618,83,0,9574,9595,83,83,0,9551
voice_transpose,shared,True,9618,453,9618,453,347,453,9595,451,451,345,451
voice_tune,shared,True,9618,116,9618,116,317,116,9595,116,116,315,116
volume,shared,True,9618,4281,9618,4281,434,9579,9595,4268,4268,433,9556
